YYYYMMDD,MKT_RF,SMB,HML,RF,CNSMR,MANUF,HITEC,HEALTH,OTHER
20170103,0.83,-0.13,0.1,0.002,0.46,0.81,0.99,1.3,0.8
20170104,0.79,0.95,-0.16,0.002,0.8,0.51,0.61,1.05,1.06
20170105,-0.21,-0.87,-0.8,0.002,-0.23,-0.26,0.09,0.41,-0.71
20170106,0.29,-0.63,-0.31,0.002,0.06,0.11,0.61,0.3,0.31
20170109,-0.37,-0.28,-1.03,0.002,-0.28,-1.08,0.05,0.78,-0.74
20170110,0.16,0.98,0.55,0.002,0.17,-0.23,0.13,0.32,0.47
20170111,0.31,-0.31,0.54,0.002,0.11,0.82,0.49,-1.32,0.47
20170112,-0.3,-0.57,-0.85,0.002,0.01,-0.35,-0.29,0.07,-0.6
20170113,0.29,0.63,-0.1,0.002,0.05,0.08,0.4,0.29,0.48
20170117,-0.49,-0.85,-0.6,0.002,0.59,0.16,-0.41,-0.75,-1.66
20170118,0.24,0.18,0.21,0.002,0.05,0.1,0.25,0.13,0.56
20170119,-0.38,-0.49,-0.03,0.002,-0.53,-0.49,-0.15,-0.87,-0.22
20170120,0.33,0.05,0.2,0.002,0.15,0.6,0.5,-0.35,0.37
20170123,-0.29,-0.05,-0.32,0.002,-0.06,-0.52,0.06,-0.55,-0.52
20170124,0.83,0.69,0.77,0.002,0.81,1.2,0.65,-0.63,1.28
20170125,0.84,0.15,0.39,0.002,0.5,0.61,0.78,0.84,1.34
20170126,-0.1,-0.62,0.39,0.002,-0.58,0.03,0.13,-0.7,0.14
20170127,-0.12,0.01,-0.67,0.002,-0.66,-0.48,0.32,0.96,-0.34
20170130,-0.68,-0.71,-0.44,0.002,-0.12,-1.08,-0.67,-0.61,-0.77
20170131,0,0.89,-0.57,0.002,0.13,0.12,-0.19,1.58,-0.59
20170201,0.04,-0.06,0.03,0.002,-0.45,-0.39,0.5,0.71,0.06
20170202,-0.02,-0.26,-0.28,0.002,0.3,0.26,-0.16,0.32,-0.39
20170203,0.82,0.54,0.68,0.002,0.21,0.68,0.6,0.76,1.62
20170206,-0.27,-0.58,-0.18,0.002,-0.36,-0.44,-0.08,0,-0.37
20170207,-0.01,-0.3,-0.51,0.002,0.25,-0.29,0.25,-0.12,-0.19
20170208,0.06,-0.24,-0.58,0.002,0.61,0.22,0.19,-0.08,-0.42
20170209,0.72,0.71,0.02,0.002,0.77,0.52,0.51,0.6,1.06
20170210,0.38,0.4,0.12,0.002,0.35,0.72,0.28,0.14,0.33
20170213,0.49,-0.32,0.34,0.002,0.05,0.48,0.38,0.65,0.9
20170214,0.45,-0.24,0.35,0.002,0.48,-0.02,0.33,0.8,0.79
20170215,0.54,0.18,-0.44,0.002,0.38,0.22,0.44,1.3,0.69
20170216,-0.16,-0.22,-0.03,0.002,-0.3,-0.29,0.12,-0.19,-0.23
20170217,0.2,0,-0.56,0.002,0.62,-0.02,0.37,0.5,-0.19
20170221,0.6,-0.03,0.12,0.002,0.88,0.8,0.5,0.22,0.53
20170222,-0.15,-0.38,0.1,0.002,-0.2,-0.43,0.11,-0.35,-0.11
20170223,-0.11,-0.66,0.26,0.002,-0.41,-0.07,-0.21,0.62,-0.12
20170224,0.15,0.05,-0.95,0.002,0.49,-0.01,0.26,0.62,-0.27
20170227,0.22,0.82,-0.34,0.002,-0.13,0.38,-0.05,0.71,0.39
20170228,-0.42,-1.38,0.17,0.002,-0.55,-0.16,-0.56,-0.3,-0.42
20170301,1.47,0.42,0.73,0.001,0.8,1.41,1.23,1.09,2.36
20170302,-0.7,-0.53,-0.9,0.001,0,-0.7,-0.65,-0.25,-1.31
20170303,0.09,-0.23,0.14,0.001,-0.22,-0.23,0.14,0.41,0.31
20170306,-0.38,-0.36,-0.08,0.001,-0.61,-0.12,-0.22,-0.54,-0.5
20170307,-0.36,-0.3,-0.06,0.001,-0.43,-0.44,-0.01,-0.81,-0.37
20170308,-0.19,-0.11,-0.84,0.001,0.15,-1.18,0.03,0.45,-0.14
20170309,0.04,-0.46,-0.26,0.001,-0.11,-0.06,0.03,0.66,0
20170310,0.34,0.08,-0.5,0.001,0.3,0.41,0.43,0.3,0.28
20170313,0.13,0.33,-0.06,0.001,0.03,0.27,0.19,-0.09,0.09
20170314,-0.36,-0.23,0,0.001,-0.08,-0.69,-0.26,-0.38,-0.4
20170315,0.86,0.75,-0.42,0.001,0.7,1.61,0.72,1.26,0.42
20170316,-0.06,0.45,0.24,0.001,0.08,-0.46,0.13,-0.87,0.23
20170317,-0.08,0.62,-0.29,0.001,0.06,0.33,0.13,-0.52,-0.54
20170320,-0.25,-0.08,-0.73,0.001,-0.28,-0.08,0.02,0.03,-0.76
20170321,-1.48,-1.33,-0.68,0.001,-0.88,-0.92,-1.46,-1.28,-2.4
20170322,0.16,-0.3,-0.56,0.001,0.17,-0.05,0.47,0.17,-0.03
20170323,-0.03,0.69,0.48,0.001,-0.08,0.04,-0.11,-0.26,0.13
20170324,-0.05,0.13,-0.23,0.001,-0.07,-0.31,0.08,0.24,-0.09
20170327,-0.05,0.56,-0.49,0.001,0.03,-0.24,0.07,0.57,-0.34
20170328,0.72,-0.16,0.72,0.001,0.61,0.9,0.58,-0.08,1.18
20170329,0.18,0.39,-0.06,0.001,0.61,0.34,0.22,0.11,-0.29
20170330,0.36,0.33,0.92,0.001,-0.02,0.16,0.25,-0.18,1.1
20170331,-0.16,0.58,-0.32,0.001,0.03,-0.11,-0.1,-0.15,-0.48
20170403,-0.28,-1.1,-0.11,0.003,-0.34,-0.32,-0.2,-0.2,-0.34
20170404,0.05,-0.23,0.32,0.003,-0.01,0.42,0.02,-0.04,-0.1
20170405,-0.44,-0.79,-0.31,0.003,-0.21,-0.32,-0.42,-0.55,-0.62
20170406,0.32,0.68,0.48,0.003,0.26,0.44,0.13,0.1,0.54
20170407,-0.08,0.13,-0.26,0.003,0.02,-0.15,-0.04,0.21,-0.25
20170410,0.08,0.11,0.07,0.003,0.48,0.36,-0.13,-0.24,-0.02
20170411,-0.05,0.81,0.21,0.003,0.11,0.09,-0.26,-0.17,-0.01
20170412,-0.49,-0.83,-0.53,0.003,-0.31,-0.63,-0.37,0.12,-0.93
20170413,-0.75,-0.23,-0.79,0.003,-0.69,-1.09,-0.45,-0.15,-1.07
20170417,0.89,0.23,0.22,0.003,0.81,0.7,0.87,0.18,1.37
20170418,-0.25,0.36,-0.18,0.003,0.07,-0.26,0.02,-1.04,-0.44
20170419,-0.08,0.59,-0.43,0.003,0.01,-0.54,0.01,0.26,0.01
20170420,0.83,0.51,0.26,0.003,0.6,0.57,0.78,0.57,1.44
20170421,-0.28,0.11,-0.14,0.003,-0.17,-0.01,-0.17,-0.54,-0.58
20170424,1.18,0.18,0.49,0.003,0.9,1.03,1.13,1.05,1.61
20170425,0.66,0.36,-0.05,0.003,0.31,0.96,0.64,0.62,0.72
20170426,0.04,0.71,0.31,0.003,0.08,-0.33,0.06,0.37,0.18
20170427,0.05,-0.14,-0.96,0.003,0.15,-0.28,0.48,0.34,-0.31
20170428,-0.3,-0.68,-0.61,0.003,-0.27,-0.38,0.05,0.21,-0.85
20170501,0.21,0.26,-0.13,0.003,-0.18,-0.22,0.6,0.21,0.39
20170502,0.03,-0.47,-0.19,0.003,0.05,-0.23,0.12,0.12,0.19
20170503,-0.19,-0.55,0.22,0.003,-0.06,-0.12,-0.54,-0.52,0.19
20170504,0.02,-0.06,-0.38,0.003,0.22,-0.55,0,0.45,0.14
20170505,0.46,0.06,0.04,0.003,0.44,1.08,0.7,-0.22,0.06
20170508,-0.04,-0.25,0.26,0.003,0.21,0.06,0.18,-0.88,-0.27
20170509,-0.05,0.5,-0.8,0.003,0.16,-0.49,0.11,0.2,-0.15
20170510,0.21,0.19,0.04,0.003,0.11,0.55,0.14,-0.24,0.16
20170511,-0.26,-0.36,-0.15,0.003,-0.39,-0.12,-0.15,0.02,-0.4
20170512,-0.18,-0.29,-0.61,0.003,-0.33,-0.18,0.13,0,-0.49
20170515,0.53,0.26,0.21,0.003,0.26,0.57,0.44,0.71,0.68
20170516,-0.03,0.15,-0.08,0.003,-0.22,-0.25,0.32,-0.2,-0.05
20170517,-1.97,-0.87,-0.52,0.003,-1.07,-1.15,-2.61,-1.51,-2.64
20170518,0.4,0.03,-0.4,0.003,0.4,-0.06,0.68,0.45,0.37
20170519,0.7,-0.38,0.39,0.003,0.64,1.15,0.59,0.05,0.8
20170522,0.56,0.27,-0.27,0.003,0.63,0.28,0.86,0.23,0.54
20170523,0.18,-0.1,0.62,0.003,-0.23,0.19,0.06,0.29,0.57
20170524,0.24,-0.14,-0.48,0.003,0.3,0.19,0.47,0.19,0.02
20170525,0.42,-0.29,-0.74,0.003,0.77,-0.25,0.7,0.4,0.36
20170526,0.06,-0.02,0.09,0.003,0.22,0.11,0.13,-0.36,-0.03
20170530,-0.19,-0.5,-0.33,0.003,-0.07,-0.36,0.24,-0.35,-0.54
20170531,-0.02,0.03,-0.55,0.003,0.21,0.08,-0.13,0.53,-0.35
20170601,0.95,1,0.04,0.003,1.09,0.78,0.57,1.19,1.29
20170602,0.35,0.54,-0.81,0.003,0.31,0,0.81,0.79,0.03
20170605,-0.17,-0.46,-0.01,0.003,-0.05,-0.28,-0.14,-0.44,-0.09
20170606,-0.28,0.1,-0.03,0.003,-0.71,0.11,-0.23,-0.28,-0.34
20170607,0.15,-0.19,-0.05,0.003,0.09,-0.44,0.21,0.2,0.6
20170608,0.18,1.15,0.92,0.003,-0.34,-0.01,0.17,0.08,0.77
20170609,-0.12,0.02,2.46,0.003,-0.18,1.01,-2.1,0.63,1.08
20170612,-0.11,-0.26,0.34,0.003,-0.15,0.06,-0.43,-0.03,0.13
20170613,0.55,0.09,-0.14,0.003,0.48,0.7,0.58,0.16,0.53
20170614,-0.17,-0.48,-0.52,0.003,0.29,-0.71,-0.51,0.48,0.04
20170615,-0.3,-0.24,-0.11,0.003,-0.52,-0.17,-0.28,-0.15,-0.26
20170616,-0.03,-0.21,-0.13,0.003,-0.68,0.63,-0.14,0.13,-0.01
20170619,0.86,0.1,-0.77,0.003,0.6,0.24,1.4,1.24,0.76
20170620,-0.73,-0.4,-0.49,0.003,-0.77,-0.72,-0.94,0.5,-0.97
20170621,-0.07,-0.06,-1.69,0.003,-0.19,-1.03,0.48,1.55,-0.53
20170622,0.02,0.52,-0.38,0.003,-0.2,-0.15,0.16,1.12,-0.29
20170623,0.24,0.83,-0.49,0.003,0,0.46,0.54,0.07,-0.02
20170626,0.04,-0.05,0.7,0.003,0.33,0.03,-0.34,-0.08,0.33
20170627,-0.85,-0.4,1.35,0.003,-0.76,-0.71,-1.5,-1.3,-0.05
20170628,1.02,0.74,0.19,0.003,0.76,0.58,1.31,0.74,1.31
20170629,-0.83,-0.11,1.38,0.003,-0.85,-0.71,-1.63,-0.93,0
20170630,0.14,-0.09,-0.28,0.003,0.26,0.57,0.05,-0.22,0.04
20170703,0.24,0.35,1.21,0.004,-0.06,0.84,-0.64,0.21,0.94
20170705,0.12,-0.69,-0.59,0.004,-0.39,-0.71,0.76,0.62,0.18
20170706,-0.95,-0.51,0.12,0.004,-0.96,-0.72,-0.91,-1.45,-0.93
20170707,0.7,0.42,-0.41,0.004,0.44,0.43,1.09,0.61,0.7
20170710,0.05,-0.44,-0.08,0.004,-0.48,0.29,0.56,-0.41,-0.07
20170711,0,0.37,-0.55,0.004,-0.13,0.19,0.24,0,-0.32
20170712,0.72,0.12,-0.54,0.004,0.7,0.51,1.17,0.74,0.43
20170713,0.17,-0.08,0.37,0.004,0.21,0.02,0.14,0.13,0.32
20170714,0.42,-0.13,-0.51,0.004,0.5,0.55,0.72,0.59,-0.08
20170717,0,0.22,0.11,0.004,0.19,0.11,0.03,-0.42,-0.09
20170718,0.04,-0.3,-0.32,0.004,-0.11,-0.19,0.29,0.13,-0.01
20170719,0.59,0.52,0.03,0.004,0.44,1.01,0.61,0.86,0.28
20170720,-0.01,0.06,-0.03,0.004,-0.23,-0.21,0.13,0.73,-0.12
20170721,-0.08,-0.41,-0.23,0.004,-0.01,-0.15,-0.11,-0.09,-0.02
20170724,-0.03,0.1,-0.19,0.004,-0.16,-0.39,0.17,0.07,0.08
20170725,0.38,0.35,0.94,0.004,0.92,0.53,-0.05,-0.75,0.91
20170726,-0.06,-0.34,-0.76,0.004,-0.02,0.07,0.24,-0.3,-0.4
20170727,-0.14,-0.61,0.41,0.004,0.48,0.42,-0.13,-0.85,-0.76
20170728,-0.17,-0.05,0.24,0.004,-0.94,-0.29,-0.04,0.43,0.02
20170731,-0.11,-0.36,0.44,0.004,-0.43,0,-0.3,-0.29,0.29
20170801,0.24,-0.2,0.11,0.004,0.07,0.06,0.47,-0.45,0.47
20170802,-0.08,-1.17,0.14,0.004,-0.13,-0.03,-0.03,-0.42,0.02
20170803,-0.21,-0.33,-0.31,0.004,-0.29,-0.46,-0.16,0.05,-0.13
20170804,0.25,0.3,0.36,0.004,0.19,0.35,0.06,0.06,0.46
20170807,0.16,-0.09,-0.59,0.004,0.46,-0.08,0.4,0.1,-0.1
20170808,-0.24,-0.08,0.24,0.004,-0.34,-0.15,-0.12,-0.51,-0.24
20170809,-0.14,-0.77,-0.1,0.004,-0.18,-0.15,-0.17,0.06,-0.17
20170810,-1.49,-0.3,0.25,0.004,-1.23,-0.95,-1.83,-1.47,-1.67
20170811,0.2,0.24,-0.88,0.004,0.4,-0.21,0.67,0.47,-0.25
20170814,1.03,0.26,0.1,0.004,0.65,0.52,1.42,0.74,1.35
20170815,-0.11,-0.85,-0.03,0.004,-0.48,-0.14,-0.04,-0.03,0.04
20170816,0.18,-0.14,-0.44,0.004,0.44,0.02,0.26,0.24,-0.01
20170817,-1.59,-0.15,-0.16,0.004,-1.26,-1.38,-1.89,-1.44,-1.69
20170818,-0.15,0.14,0.23,0.004,-0.51,0.21,-0.11,-0.33,-0.12
20170821,0.06,-0.26,-0.23,0.004,0.1,-0.16,0.04,0.42,0.06
20170822,1.07,-0.01,-0.24,0.004,0.72,0.79,1.39,1.17,1.04
20170823,-0.32,0.1,0.41,0.004,-0.4,-0.08,-0.25,-0.74,-0.39
20170824,-0.14,0.6,0.18,0.004,-0.82,-0.11,-0.09,0.51,-0.08
20170825,0.18,0.13,0.57,0.004,0.28,0.29,-0.01,-0.15,0.32
20170828,0.08,0.36,-0.71,0.004,-0.09,-0.07,0.22,0.86,-0.17
20170829,0.1,0.13,-0.38,0.004,0.06,0.1,0.32,0.17,-0.15
20170830,0.53,0,-0.3,0.004,0.44,0.23,0.82,0.74,0.42
20170831,0.62,0.48,-0.44,0.004,0.39,0.61,0.65,1.82,0.36
20170901,0.27,0.41,0.41,0.005,0.49,0.37,0.01,-0.04,0.48
20170905,-0.81,0.11,-0.96,0.005,-0.1,-0.33,-0.82,-0.49,-1.65
20170906,0.28,-0.03,0.13,0.005,0.51,0.37,0.06,0.48,0.23
20170907,-0.07,0.15,-0.91,0.005,0.24,0.31,-0.18,1.01,-0.9
20170908,-0.16,0.03,0.37,0.005,-0.4,-0.15,-0.71,0.35,0.46
20170911,1.08,-0.12,0.65,0.005,0.71,1.06,1.09,0.7,1.45
20170912,0.44,0.24,0.71,0.005,0.39,0.1,0.31,0.37,0.87
20170913,0.11,0.31,0.37,0.005,0.5,0.3,-0.04,-0.41,0.05
20170914,-0.12,-0.04,-0.07,0.005,-0.38,0.55,-0.47,0.27,-0.25
20170915,0.19,0.27,0.13,0.005,0.19,0.31,0.27,-0.29,0.27
20170918,0.24,0.38,0.2,0.005,-0.22,0.42,0.1,0.14,0.65
20170919,0.15,-0.3,0.39,0.005,-0.43,0.29,0.46,-0.56,0.33
20170920,0.16,0.23,0.51,0.005,-0.15,0.31,-0.28,0.29,0.61
20170921,-0.28,0.11,0.36,0.005,-0.48,-0.25,-0.55,-0.59,0.22
20170922,0.12,0.43,0.12,0.005,0,0.07,0.25,0.08,0.17
20170925,-0.25,0.32,0.61,0.005,0.25,0.56,-1.04,-0.19,-0.27
20170926,0.05,0.39,0.14,0.005,0.18,0,0.18,-0.42,0.14
20170927,0.63,1.37,0.2,0.005,0.23,0.15,1.02,0.06,1.03
20170928,0.13,0.16,-0.05,0.005,0.16,0.19,-0.1,0.14,0.29
20170929,0.35,-0.13,-0.26,0.005,0.02,0.03,0.69,0.67,0.29
20171002,0.5,0.84,0.14,0.004,0.18,0.57,0.25,1.12,0.67
20171003,0.26,-0.03,-0.03,0.004,0.2,0.08,0.39,-0.14,0.43
20171004,0.05,-0.28,-0.45,0.004,0.23,0.26,0.04,0.44,-0.3
20171005,0.55,-0.33,0.36,0.004,0.55,0.25,0.69,0.25,0.74
20171006,-0.08,-0.08,-0.26,0.004,-0.37,-0.31,0.15,-0.05,0
20171009,-0.22,-0.29,-0.01,0.004,-0.41,0.04,0.01,-0.65,-0.43
20171010,0.24,-0.01,0.42,0.004,0.62,0.24,-0.02,0.34,0.28
20171011,0.16,-0.19,-0.21,0.004,0.21,0.26,0.25,0.21,-0.03
20171012,-0.18,0.05,-0.51,0.004,0.1,0.19,-0.4,-0.1,-0.42
20171013,0.04,-0.25,0.11,0.004,0.09,0.02,0.32,-0.26,-0.14
20171016,0.17,-0.3,0.33,0.004,-0.08,0.13,0.33,-0.3,0.38
20171017,0.01,-0.31,-0.28,0.004,0,-0.05,-0.03,0.96,-0.29
20171018,0.14,0.29,0.21,0.004,-0.04,-0.19,0.19,-0.02,0.44
20171019,0.02,-0.38,0.18,0.004,-0.26,0.05,-0.15,0.47,0.13
20171020,0.57,-0.08,0.29,0.004,0.44,0.45,0.63,-0.18,0.98
20171023,-0.45,-0.44,0.19,0.004,-0.32,-0.41,-0.55,-0.4,-0.43
20171024,0.2,-0.19,0.48,0.004,0.06,0.53,0.21,-0.89,0.5
20171025,-0.51,0,0.13,0.004,-0.42,-0.55,-0.49,-0.47,-0.54
20171026,0.2,0.04,0.26,0.004,0.27,0.34,0.19,-1.57,0.72
20171027,0.82,-0.01,-0.97,0.004,0.86,0.2,2.09,0.25,0.09
20171030,-0.46,-0.78,-0.05,0.004,-0.65,-0.29,0.02,-1,-0.68
20171031,0.23,0.84,-0.25,0.004,0.45,0.32,0.44,-0.22,-0.06
20171101,0.05,-0.77,0.11,0.004,-0.06,0.31,-0.06,-0.07,0.11
20171102,0.06,-0.04,0.5,0.004,-0.44,0.1,-0.17,-0.16,0.59
20171103,0.31,-0.42,-0.73,0.004,0.33,0.15,0.68,0.89,-0.12
20171106,0.06,0.23,0.19,0.004,-0.45,0.53,0.27,-0.37,0.08
20171107,-0.2,-1.36,-0.4,0.004,0.17,0.17,-0.1,0.03,-0.93
20171108,0.12,0.07,-0.58,0.004,0.63,-0.07,0.35,0.43,-0.38
20171109,-0.41,-0.01,0.24,0.004,-0.12,-0.35,-0.65,0.13,-0.51
20171110,0.01,0.06,-0.42,0.004,0.56,-0.14,0.08,-0.58,-0.09
20171113,0.09,-0.32,0.07,0.004,0.3,0.17,-0.02,-0.04,0.03
20171114,-0.22,-0.13,0,0.004,0.32,-0.33,-0.37,-0.52,-0.15
20171115,-0.52,-0.05,0.22,0.004,-0.79,-0.91,-0.52,-0.19,-0.19
20171116,1.01,0.85,-0.54,0.004,1.75,0.5,1.29,1.08,0.54
20171117,-0.14,0.75,0.29,0.004,0.05,-0.01,-0.24,-0.27,-0.15
20171120,0.21,0.55,0.02,0.004,0.18,0.17,0.29,-0.48,0.43
20171121,0.68,0.41,-0.33,0.004,0.33,0.52,1.01,0.92,0.59
20171122,-0.05,0.11,-0.06,0.004,0.14,0.08,-0.07,-0.03,-0.22
20171124,0.21,0.02,-0.44,0.004,0.25,0.2,0.36,0.27,0
20171127,-0.06,-0.37,0.01,0.004,0.13,-0.24,-0.07,-0.08,-0.06
20171128,1.06,0.39,0.87,0.004,1.15,0.95,0.41,0.55,1.98
20171129,0.02,0.03,1.46,0.004,0.52,0.08,-1.59,0.22,1.37
20171130,0.82,-0.56,-0.53,0.004,0.78,1.15,0.72,0.64,0.8
20171201,-0.22,-0.36,0.39,0.004,-0.18,-0.24,-0.32,-0.03,-0.2
20171204,-0.1,-0.35,1.24,0.004,0.78,0.08,-1.23,-1.26,0.82
20171205,-0.43,-0.44,-0.22,0.004,-0.34,-0.6,-0.2,-0.28,-0.64
20171206,-0.09,-0.46,-0.53,0.004,0.11,-0.43,0.27,-0.2,-0.28
20171207,0.42,0.26,-0.18,0.004,-0.05,0.53,0.51,0.33,0.52
20171208,0.51,-0.45,-0.12,0.004,0.39,0.42,0.43,1.05,0.54
20171211,0.26,-0.41,-0.17,0.004,0.07,0.22,0.84,0.43,-0.21
20171212,0.07,-0.55,0.52,0.004,-0.12,-0.5,-0.01,0.3,0.62
20171213,0.02,0.72,-0.88,0.004,0.35,0.39,0.04,0.41,-0.61
20171214,-0.47,-0.69,-0.2,0.004,-0.46,-0.46,-0.04,-1.06,-0.69
20171215,0.92,0.68,0.04,0.004,0.89,0.63,1.07,1.16,0.96
20171218,0.67,0.73,0.26,0.004,0.7,0.51,0.82,-0.04,0.8
20171219,-0.3,-0.37,-0.25,0.004,0.08,-0.28,-0.49,-0.19,-0.41
20171220,0.01,0.35,0.07,0.004,-0.12,0.46,-0.1,-0.26,0.01
20171221,0.24,0.27,0.64,0.004,0.04,0.48,0.05,-0.08,0.57
20171222,-0.07,-0.22,-0.21,0.004,-0.06,0.13,-0.11,-0.11,-0.15
20171226,-0.07,0.34,-0.07,0.004,0.38,0.29,-0.54,0.14,-0.16
20171227,0.05,-0.13,-0.2,0.004,-0.03,0,0.02,0.23,0.13
20171228,0.22,0.12,0.04,0.004,0.09,0.32,0.15,0.05,0.37
20171229,-0.57,-0.3,0.01,0.004,-0.51,-0.33,-0.62,-0.79,-0.6
20180102,0.85,0.34,-0.23,0.005,0.51,0.67,1.42,1.48,0.42
20180103,0.59,-0.39,-0.2,0.005,0.31,0.52,0.79,0.91,0.54
20180104,0.42,-0.27,0.25,0.005,0.32,0.34,0.42,-0.11,0.76
20180105,0.66,-0.35,-0.26,0.005,0.74,0.39,0.88,0.62,0.56
20180108,0.19,-0.16,0.05,0.005,0.39,0.58,0.28,-0.46,-0.03
20180109,0.15,-0.34,-0.05,0.005,0.02,-0.21,-0.15,1.06,0.46
20180110,-0.07,0.07,0.59,0.005,-0.28,-0.48,-0.27,0,0.55
20180111,0.87,1.13,0.31,0.005,0.94,1.13,0.76,0.51,0.94
20180112,0.66,-0.3,0.16,0.005,0.85,0.48,0.61,0.56,0.77
20180116,-0.49,-1.03,-0.01,0.005,-0.21,-0.87,-0.62,0,-0.43
20180117,0.95,-0.04,-0.12,0.005,0.65,1.03,1.26,0.87,0.76
20180118,-0.18,-0.5,-0.25,0.005,-0.12,-0.65,0.07,-0.11,-0.14
20180119,0.57,0.94,-0.05,0.005,1.04,0.45,0.32,0.53,0.63
20180122,0.77,-0.33,-0.16,0.005,0.88,0.57,0.8,1.19,0.66
20180123,0.22,0.15,-0.36,0.005,0.5,-0.06,0.42,-0.37,0.27
20180124,-0.13,-0.81,0.42,0.005,0.09,-0.13,-0.6,0.09,0.16
20180125,0.07,0.18,-0.48,0.005,-0.04,0.28,-0.11,1.06,-0.24
20180126,1.11,-0.63,-0.55,0.005,0.99,0.43,1.57,2.17,0.76
20180129,-0.62,-0.01,-0.22,0.005,-0.23,-1.17,-0.8,-0.15,-0.49
20180130,-1.06,0.14,-0.21,0.005,-0.79,-1.02,-0.84,-1.66,-1.27
20180131,-0.07,-0.75,0.1,0.005,-0.33,0.2,0.51,-1.88,0.01
20180201,0.03,0.09,0.55,0.006,-0.98,-0.04,0.07,0.42,0.57
20180202,-2.13,0.05,-0.29,0.006,-1.33,-2.59,-2.47,-1.34,-2.17
20180205,-4.03,0.78,-0.56,0.006,-3.53,-3.83,-3.92,-4.47,-4.4
20180206,1.67,-0.52,-0.2,0.006,1.82,0.94,2.13,1.11,1.72
20180207,-0.37,0.51,0.22,0.006,-0.16,-0.61,-0.85,0.01,0.04
20180208,-3.68,0.83,0.5,0.006,-3.24,-3.09,-3.91,-3.66,-4.06
20180209,1.36,-0.61,0.14,0.006,0.48,1.08,2,1.4,1.43
20180212,1.36,-0.45,-0.28,0.006,1.12,1.54,1.56,0.93,1.33
20180213,0.31,0.06,-0.25,0.006,0.51,0,0.38,0.07,0.44
20180214,1.52,0.26,0.48,0.006,1.02,1.09,1.74,1.4,2
20180215,1.21,-0.13,-0.65,0.006,1.05,1.1,1.78,1.52,0.66
20180216,0.03,0.35,0.16,0.006,-0.13,0.13,-0.2,0.55,0.12
20180220,-0.62,-0.36,-0.23,0.006,-1.4,-0.76,-0.04,-1.1,-0.52
20180221,-0.43,0.77,0.21,0.006,-0.45,-0.86,-0.5,-0.37,-0.09
20180222,0.01,0.06,-0.41,0.006,0.28,0.74,-0.06,-0.19,-0.5
20180223,1.54,-0.36,-0.12,0.006,1.16,1.51,1.91,1.55,1.38
20180226,1.12,-0.49,-0.06,0.006,0.71,0.74,1.36,1.24,1.32
20180227,-1.25,-0.2,0.03,0.006,-1.4,-1.41,-1.22,-1.13,-1.1
20180228,-1.1,-0.41,-0.29,0.006,-0.77,-1.65,-0.69,-1.62,-1.22
20180301,-1.18,1.01,-0.01,0.006,-0.98,-0.76,-1.35,-1.51,-1.29
20180302,0.7,1.16,-0.48,0.006,0.38,0.23,1.03,1.47,0.53
20180305,1.06,-0.38,0.26,0.006,0.98,1.24,0.99,0.93,1.14
20180306,0.36,0.67,0.09,0.006,0.45,0.12,0.41,-0.06,0.62
20180307,0.05,0.79,-0.42,0.006,-0.67,-0.37,0.51,0.58,0.02
20180308,0.37,-0.48,-0.35,0.006,0.37,0.33,0.48,1.05,0.06
20180309,1.7,-0.26,0.28,0.006,1.22,1.59,1.66,1.48,2.26
20180312,-0.09,0.46,-0.07,0.006,0.1,-0.35,0.35,-0.15,-0.41
20180313,-0.67,0.09,0.01,0.006,-0.19,-0.47,-1.14,-0.01,-0.74
20180314,-0.53,0.24,-0.56,0.006,-0.62,-0.58,-0.08,-0.51,-0.92
20180315,-0.18,-0.41,0.31,0.006,-0.43,-0.21,-0.07,-0.4,0.12
20180316,0.25,0.47,0.19,0.006,0.2,0.7,-0.08,0.21,0.31
20180319,-1.38,0.35,0.42,0.006,-1.34,-1.12,-1.87,-1.76,-0.84
20180320,0.15,-0.07,-0.36,0.006,0.32,0.32,-0.15,0.12,0.23
20180321,-0.06,0.75,0.44,0.006,-0.37,0.86,-0.41,-0.08,-0.07
20180322,-2.54,0.51,-0.49,0.006,-1.72,-2.21,-2.41,-2.82,-3.22
20180323,-2.09,0.22,-0.22,0.006,-1.76,-1.16,-2.34,-2.18,-2.52
20180326,2.67,-0.7,0.01,0.006,2.36,2.01,3.37,1.96,2.83
20180327,-1.87,-0.23,0.36,0.006,-1.45,-0.78,-2.87,-1.51,-1.79
20180328,-0.35,0.13,0.66,0.006,-0.1,-0.73,-0.75,0.5,-0.03
20180329,1.41,-0.3,-0.2,0.006,1,1.6,1.82,0.84,1.28
20180402,-2.29,-0.15,0.38,0.007,-2.81,-2.1,-2.32,-2.79,-1.91
20180403,1.24,-0.05,0.17,0.007,1.43,1.53,0.9,1.3,1.32
20180404,1.17,0.32,-0.31,0.007,1.71,0.39,1.38,1.55,1
20180405,0.75,0.02,0.47,0.007,1.1,1.26,0.5,-0.25,0.8
20180406,-2.19,0.41,-0.05,0.007,-1.76,-2.02,-2.25,-2.45,-2.38
20180409,0.3,-0.16,-0.5,0.007,-0.17,0.1,0.57,1.23,0.11
20180410,1.77,0.39,-0.13,0.007,1.23,1.84,2.23,1.83,1.49
20180411,-0.49,0.92,-0.31,0.007,-0.35,0.01,-0.46,-0.55,-0.89
20180412,0.84,-0.23,0.19,0.007,0.24,0.32,1,0.76,1.44
20180413,-0.37,0.03,-0.26,0.007,-0.3,0.32,-0.37,-0.24,-0.89
20180416,0.82,0.07,-0.03,0.007,0.98,1.05,0.8,0.36,0.8
20180417,1.09,0.17,-1.18,0.007,1.08,0.84,1.79,0.7,0.59
20180418,0.13,0.24,0.04,0.007,0.13,0.65,-0.07,-0.02,0.06
20180419,-0.49,-0.47,1.07,0.007,-1.12,-0.55,-0.94,-0.8,0.63
20180420,-0.81,0.06,0.59,0.007,-1.27,-0.7,-1.31,-0.56,-0.11
20180423,-0.05,-0.07,0.21,0.007,0.12,0.08,-0.22,0.24,-0.09
20180424,-1.3,0.52,1,0.007,-1.21,-1.55,-1.7,-0.89,-0.83
20180425,0.1,-0.34,0.04,0.007,0.24,0.45,-0.07,0.27,-0.06
20180426,0.96,-0.39,-0.87,0.007,1.61,0.7,1.24,1.37,0.28
20180427,0.01,-0.26,0.04,0.007,0.95,-0.5,-0.47,0.41,0.17
20180430,-0.8,0.05,-0.09,0.007,-0.58,-0.65,-0.68,-1.62,-0.88
20180501,0.24,0.23,-0.56,0.006,-0.35,-0.36,0.98,0.26,0.26
20180502,-0.63,1.29,-0.34,0.006,-0.96,-0.29,-0.36,-1.26,-0.76
20180503,-0.25,-0.5,-0.17,0.006,-0.65,-0.05,0.16,-0.6,-0.42
20180504,1.3,0.02,-0.18,0.006,1.19,1,1.84,0.95,1.18
20180507,0.42,0.41,-0.35,0.006,-0.15,0.32,0.82,0.22,0.5
20180508,0.07,0.48,0.26,0.006,-0.09,0.04,0.04,-0.67,0.52
20180509,0.89,-0.19,0.26,0.006,0.23,1.01,1.09,1.03,0.93
20180510,0.84,-0.44,-0.06,0.006,0.44,0.76,1.2,0.95,0.78
20180511,0.19,0.12,-0.37,0.006,0.18,0.04,-0.08,1.45,0.14
20180514,0.05,-0.35,0.11,0.006,0.13,0.19,-0.09,0.47,-0.09
20180515,-0.55,0.68,0.41,0.006,-0.52,-0.32,-0.88,-0.97,-0.21
20180516,0.5,0.7,-0.25,0.006,0.77,0.34,0.5,0.68,0.38
20180517,0.02,0.9,0.29,0.006,0.07,0.64,-0.38,-0.03,0.04
20180518,-0.23,0.58,-0.61,0.006,-0.47,-0.16,-0.12,0.24,-0.43
20180521,0.72,-0.21,0.42,0.006,0.6,1.11,0.72,-0.24,0.88
20180522,-0.42,-0.77,0.62,0.006,-0.68,-0.91,-0.34,-0.23,0.01
20180523,0.29,0.05,-0.7,0.006,0.66,0.24,0.6,0.54,-0.34
20180524,-0.16,0.36,-0.34,0.006,0.17,-0.36,-0.06,-0.21,-0.26
20180525,-0.21,0.23,-0.42,0.006,0.01,-0.87,-0.01,-0.13,-0.15
20180529,-1.03,1.34,-0.99,0.006,-0.36,-0.63,-0.67,-0.81,-2.21
20180530,1.31,0.05,0.38,0.006,1.27,1.75,0.78,1.45,1.57
20180531,-0.7,0.07,-0.41,0.006,-0.89,-1.07,-0.18,-0.59,-0.93
20180601,1.06,-0.23,-0.11,0.006,0.54,0.44,1.66,1.25,1.07
20180604,0.48,0.15,-0.46,0.006,1.25,-0.28,0.71,0.28,0.3
20180605,0.16,0.83,-0.43,0.006,0.46,-0.03,0.42,-0.06,-0.11
20180606,0.86,-0.35,0.19,0.006,0.57,0.44,0.71,0.94,1.47
20180607,-0.14,-0.3,0.91,0.006,0.33,0.66,-0.76,-0.35,-0.04
20180608,0.31,0.09,-0.41,0.006,0.56,0.12,0.14,0.76,0.37
20180611,0.12,0.18,-0.17,0.006,0.57,0.05,0.17,-0.19,-0.03
20180612,0.23,0.24,-0.63,0.006,0.41,-0.07,0.58,0.11,-0.07
20180613,-0.33,0.1,-0.18,0.006,-0.22,-0.61,-0.3,-0.19,-0.31
20180614,0.27,0.32,-0.99,0.006,0.34,-0.06,0.84,0.58,-0.29
20180615,-0.08,0.04,-0.24,0.006,0.46,-0.63,-0.21,0.2,0
20180618,-0.09,0.73,0.08,0.006,-0.31,0.17,0.02,-0.77,-0.02
20180619,-0.38,0.56,-0.15,0.006,0.06,-0.7,-0.64,0.49,-0.41
20180620,0.23,0.73,-0.49,0.006,0.26,0.25,0.32,0.5,0.03
20180621,-0.73,-0.62,0.34,0.006,-0.39,-1.16,-0.9,-0.67,-0.43
20180622,0.11,0.02,0.46,0.006,0.05,1.13,-0.22,0.18,-0.18
20180625,-1.48,-0.55,0.57,0.006,-0.94,-1.05,-2.04,-1.07,-1.53
20180626,0.27,0.63,-0.24,0.006,0.25,0.63,0.31,-0.04,0.08
20180627,-1.02,-0.97,0.37,0.006,-0.88,0.12,-1.36,-1.4,-1.26
20180628,0.58,-0.17,-0.5,0.006,0.21,0.13,1.06,0.68,0.53
20180629,0.07,-0.2,-0.24,0.006,-0.35,0.57,0.03,0.31,-0.05
20180702,0.36,0.41,-0.23,0.008,-0.12,-0.4,0.97,0.46,0.49
20180703,-0.44,0.8,0,0.008,-0.17,0.08,-0.92,0.3,-0.65
20180705,0.87,0.44,-0.44,0.008,0.79,0.55,1.27,1.07,0.64
20180706,0.88,0.05,-0.31,0.008,0.54,0.53,1.21,1.73,0.62
20180709,0.93,-0.4,0.84,0.008,0.72,0.59,0.78,0.43,1.78
20180710,0.21,-0.78,-0.15,0.008,0.55,0.68,0.14,0.21,-0.22
20180711,-0.69,-0.02,-0.45,0.008,-0.35,-1.41,-0.58,-0.7,-0.54
20180712,0.86,-0.31,-1.09,0.008,0.46,0.39,1.69,1.21,0.32
20180713,0.08,-0.12,-0.27,0.008,0.65,0.46,-0.05,0.03,-0.3
20180716,-0.16,-0.78,0.96,0.008,-0.27,-0.66,-0.3,-0.74,0.66
20180717,0.48,0.25,-0.75,0.008,0.83,0.33,0.63,0.99,0.01
20180718,0.27,-0.28,0.65,0.008,-0.14,0.11,-0.13,-0.14,1.29
20180719,-0.34,0.98,-0.36,0.008,-0.13,0.11,-0.21,-0.52,-0.86
20180720,-0.1,-0.17,0.12,0.008,-0.05,-0.29,-0.09,-0.21,0.06
20180723,0.15,-0.3,0.53,0.008,-0.24,-0.67,0.33,0.22,0.76
20180724,0.22,-1.36,0.41,0.008,-0.05,0.86,0.19,0.59,-0.14
20180725,0.83,-0.43,-1.04,0.008,0.66,0.66,1.12,1.19,0.62
20180726,-0.2,0.65,0.56,0.008,-0.6,0.99,-0.83,-0.31,0.06
20180727,-0.82,-1.37,1.08,0.008,-0.23,-0.42,-1.7,-1.07,-0.28
20180730,-0.7,-0.23,1.58,0.008,-0.38,-0.17,-1.46,-0.08,-0.56
20180731,0.51,0.83,-1.11,0.008,0.24,1.06,0.49,1.23,0.09
20180801,-0.13,0.07,-0.2,0.007,-0.71,-1.16,0.65,0.31,-0.09
20180802,0.67,0.33,-0.69,0.007,1.1,0.02,1.22,0.39,0.31
20180803,0.31,-1.06,0.53,0.007,0.63,0.18,0.31,0.29,0.28
20180806,0.46,0.26,-0.33,0.007,0.35,0.28,0.75,0.24,0.39
20180807,0.29,0.01,-0.16,0.007,0.34,0.33,0.34,0,0.37
20180808,-0.04,-0.14,0.28,0.007,0.12,-0.54,0.1,-0.12,0.1
20180809,-0.05,0.37,-0.37,0.007,0.23,-0.38,0.18,-0.14,-0.25
20180810,-0.6,0.42,-0.2,0.007,-0.44,-0.45,-0.68,-0.34,-0.79
20180813,-0.46,-0.15,-0.29,0.007,-0.22,-0.73,-0.27,-0.1,-0.77
20180814,0.69,0.29,0.24,0.007,1.16,0.45,0.65,0.28,0.82
20180815,-0.91,-0.54,-0.13,0.007,-0.8,-1.46,-0.96,-0.24,-0.79
20180816,0.86,-0.07,0.25,0.007,1.1,1.15,0.42,0.94,1.01
20180817,0.3,0.08,0.02,0.007,0.36,0.41,0.2,0.52,0.24
20180820,0.25,0.12,0.14,0.007,0.32,0.48,-0.04,0.26,0.44
20180821,0.33,0.89,0.1,0.007,0.14,0.39,0.4,0.25,0.49
20180822,0.05,0.37,-0.35,0.007,-0.05,-0.09,0.3,0.33,-0.2
20180823,-0.19,-0.05,-0.33,0.007,-0.08,-0.5,0.07,-0.19,-0.36
20180824,0.62,-0.02,-0.58,0.007,0.03,0.71,1.13,0.32,0.48
20180827,0.74,-0.67,-0.16,0.007,0.35,0.73,0.83,0.46,1.02
20180828,-0.01,-0.12,-0.24,0.007,0,-0.22,0.16,0.04,-0.05
20180829,0.56,-0.04,-0.57,0.007,0.75,0.44,0.81,0.83,0.15
20180830,-0.41,0.29,-0.41,0.007,-0.49,-0.53,-0.28,0.05,-0.59
20180831,0.08,0.49,-0.39,0.007,0.41,-0.27,0.13,0.1,0.04
20180904,-0.11,-0.37,-0.01,0.008,0.34,-0.29,-0.34,-0.67,0.19
20180905,-0.41,-0.17,0.66,0.008,-0.13,0.55,-1.26,0.05,-0.33
20180906,-0.44,-0.35,-0.23,0.008,-0.26,-0.54,-0.6,-0.45,-0.25
20180907,-0.18,0.1,-0.24,0.008,-0.16,-0.36,-0.16,0.03,-0.17
20180910,0.23,0.11,-0.37,0.008,0.43,0.21,0.38,0.08,0.01
20180911,0.37,-0.28,-0.22,0.008,0.38,0.31,0.67,0,0.16
20180912,0.03,-0.05,-0.21,0.008,0.42,0.35,-0.2,0.33,-0.27
20180913,0.45,-0.44,-0.41,0.008,-0.26,0.42,1.03,0.98,0.04
20180914,0.12,0.26,0.25,0.008,-0.29,0.33,0.04,-0.28,0.55
20180917,-0.71,-0.45,0.85,0.008,-0.73,0.17,-1.3,-0.74,-0.59
20180918,0.57,0.05,-0.49,0.008,0.42,0.59,0.6,0.75,0.55
20180919,0.06,-0.66,1.29,0.008,-0.07,-0.02,-0.34,-0.35,0.83
20180920,0.77,0.3,-0.23,0.008,0.79,0.45,1.01,1.09,0.66
20180921,-0.13,-0.42,0.31,0.008,-0.21,0.4,-0.3,0.01,-0.19
20180924,-0.31,0.03,-0.88,0.008,-0.79,-0.28,0.19,0.42,-0.89
20180925,-0.05,0.28,-0.39,0.008,0.2,-0.25,0.16,-0.03,-0.32
20180926,-0.4,-0.38,-0.61,0.008,0.11,-0.78,-0.29,0.07,-0.78
20180927,0.27,-0.26,-0.53,0.008,0.26,0.12,0.64,0.32,-0.09
20180928,-0.03,0.41,-0.2,0.008,-0.16,0.2,0.2,0.33,-0.54
20181001,0.16,-1.61,0.36,0.008,-0.04,0.66,0.02,0.03,0.22
20181002,-0.21,-0.98,0.61,0.008,-0.76,0.37,-0.1,-0.36,-0.21
20181003,0.2,0.85,0.49,0.008,-0.46,0.1,0.35,-0.14,0.65
20181004,-0.93,-1.07,1.58,0.008,-0.89,-0.62,-1.58,-1.24,-0.16
20181005,-0.64,-0.41,0.4,0.008,-0.62,-0.2,-1.17,-0.17,-0.51
20181008,-0.17,-0.4,1.21,0.008,0.45,0.1,-0.87,-0.36,0.21
20181009,-0.18,-0.28,0.27,0.008,-0.12,-0.57,0.06,0.09,-0.34
20181010,-3.33,0.29,1.1,0.008,-2.66,-2.97,-4.3,-2.56,-3.16
20181011,-1.96,0.44,-0.92,0.008,-1.99,-2.42,-1.13,-2.47,-2.34
20181012,1.38,-0.87,-1.71,0.008,1.54,0.4,2.52,1.59,0.54
20181015,-0.48,0.9,0.53,0.008,-0.06,-0.1,-0.92,-0.72,-0.37
20181016,2.24,0.68,-1.45,0.008,1.85,1.55,2.82,2.96,2.02
20181017,-0.08,-0.67,0.26,0.008,-0.26,-0.57,-0.27,0.63,0.34
20181018,-1.54,-0.54,0.44,0.008,-1.32,-1.09,-1.89,-1.35,-1.62
20181019,-0.25,-1.3,0.73,0.008,0.01,0.03,-0.23,-1.16,-0.18
20181022,-0.38,0.47,-1.23,0.008,0.08,-0.69,0.56,-0.79,-1.33
20181023,-0.62,-0.1,-0.43,0.008,0.15,-1.72,-0.25,-0.55,-0.79
20181024,-3.33,-0.92,0.78,0.008,-2.16,-2.26,-4.54,-3.68,-3.18
20181025,1.93,0.4,-0.6,0.008,2.22,0.71,2.79,1.04,1.95
20181026,-1.65,0.55,0.36,0.008,-2.54,-1.09,-1.92,-0.92,-1.38
20181029,-0.77,-0.31,1.62,0.008,-0.39,-1.1,-1.58,-0.02,-0.05
20181030,1.66,0.41,0.05,0.008,1.56,1.97,1.93,1.06,1.44
20181031,1.22,-0.68,-0.75,0.008,0.45,0.57,2.2,0,1.44
20181101,1.29,1.33,-1.13,0.008,1.53,1.72,0.93,2.19,0.93
20181102,-0.53,0.81,0.67,0.008,0,-0.1,-1.33,-0.65,-0.17
20181105,0.4,-1.02,1.56,0.008,0.33,0.96,-0.32,0.65,0.87
20181106,0.58,-0.15,0.01,0.008,0.68,0.69,0.66,0.23,0.61
20181107,2.11,-0.34,-1.03,0.008,2.14,1.51,2.48,2.54,1.83
20181108,-0.28,-0.22,0.25,0.008,0.25,-0.97,-0.47,-0.1,0.05
20181109,-1.04,-0.85,0.42,0.008,-0.84,-0.37,-1.55,-0.66,-1.15
20181112,-2.06,0.01,0.86,0.008,-1.66,-1.56,-2.86,-1.64,-1.87
20181113,-0.13,-0.14,0.15,0.008,-0.26,-0.55,-0.01,-0.71,0.42
20181114,-0.77,0.02,-0.26,0.008,-0.85,-0.32,-0.66,-1.04,-1.06
20181115,1.18,0.34,-0.42,0.008,-0.05,1,1.88,1.4,1.25
20181116,0.15,0.01,-0.06,0.008,-0.35,0.65,-0.12,1.07,0.06
20181119,-1.88,-0.69,2.35,0.008,-1.58,-0.99,-3.47,-1.41,-0.93
20181120,-1.85,0.12,-0.54,0.008,-2.18,-1.97,-1.76,-0.88,-1.99
20181121,0.51,0.99,-0.33,0.008,0.34,0.53,0.99,-0.41,0.5
20181123,-0.55,0.82,-0.6,0.008,-0.13,-1.03,-0.64,0.1,-0.63
20181126,1.62,-0.67,-0.2,0.008,1.59,1.15,2.02,0.81,1.83
20181127,0.11,-1.07,0.27,0.008,0.37,-0.33,0.11,0.56,0.11
20181128,2.42,0.44,-1.17,0.008,2.49,1.53,2.93,2.54,2.28
20181129,-0.22,-0.11,-0.1,0.008,-0.18,0.21,-0.31,0.22,-0.58
20181130,0.78,-0.32,-0.45,0.008,0.68,0.78,0.77,1.42,0.62
20181203,1.13,-0.07,-0.79,0.01,1.26,1.54,1.31,0.42,0.93
20181204,-3.45,-0.96,-0.18,0.01,-3.17,-2.83,-3.56,-2.58,-4.28
20181206,-0.16,0.12,-1.04,0.01,0.13,-0.96,0.46,0.1,-0.64
20181207,-2.36,0.19,1.33,0.01,-2.5,-1.29,-2.9,-2.5,-2.27
20181210,0.1,-0.15,-1.65,0.01,0.07,-0.39,1.12,0.63,-0.91
20181211,-0.08,-0.06,-0.39,0.01,0.15,-0.05,0.17,0.25,-0.68
20181212,0.68,0.55,-0.2,0.01,0.6,0.42,0.88,0.78,0.68
20181213,-0.26,-1.5,-0.18,0.01,-0.25,0.15,-0.14,-0.29,-0.65
20181214,-1.89,-0.07,0.51,0.01,-2.19,-1.3,-1.86,-3.32,-1.41
20181217,-2.13,-0.29,1.03,0.01,-2.39,-2.42,-2.31,-2.16,-1.43
20181218,-0.03,0.01,-0.58,0.01,-0.01,-0.48,0.69,-0.67,-0.25
20181219,-1.58,-0.61,0.04,0.01,-1.64,-1.32,-1.74,-1.58,-1.59
20181220,-1.62,-0.3,0.97,0.01,-2.12,-1.61,-1.86,-0.99,-1.2
20181221,-2.17,-0.56,0.78,0.01,-2.25,-1.07,-3.06,-1.67,-2.04
20181224,-2.55,0.99,-0.46,0.01,-2.1,-3.73,-2.37,-2.37,-2.25
20181226,5.06,-0.04,-1.01,0.01,4.97,4.58,5.64,4.71,4.89
20181227,0.78,-0.65,-0.14,0.01,0.35,1.14,0.75,0.91,0.83
20181228,-0.03,0.76,0.23,0.01,0.3,-0.42,-0.11,0.22,0
20181231,0.9,-0.09,-0.46,0.01,0.78,0.78,0.7,1.58,1
20190102,0.23,0.56,1.1,0.01,0.38,0.41,0.33,-1.01,0.47
20190103,-2.45,0.4,1.21,0.01,-1.47,-1.73,-3.7,-2.12,-2.2
20190104,3.55,0.41,-0.7,0.01,2.95,3.3,4.16,3.48,3.47
20190107,0.94,0.97,-0.77,0.01,1.54,0.6,0.9,0.85,0.7
20190108,1.01,0.53,-0.64,0.01,1.14,1.13,1.16,0.97,0.65
20190109,0.56,0.45,0.09,0.01,0.06,0.52,0.75,0.32,0.72
20190110,0.42,0.03,-0.44,0.01,0.11,0.9,0.42,0.29,0.36
20190111,-0.01,0.13,0.22,0.01,0.13,-0.31,-0.12,0.1,0.22
20190114,-0.6,-0.6,0.95,0.01,-0.62,-0.66,-0.77,-1.34,0.12
20190115,1.06,0.01,-0.87,0.01,1.03,0.3,1.46,1.85,0.79
20190116,0.28,0.03,0.92,0.01,-0.13,0.12,-0.09,-0.37,1.44
20190117,0.75,0.11,-0.25,0.01,0.67,1.18,0.69,1.2,0.56
20190118,1.29,-0.35,0.12,0.01,1.14,1.41,1.37,0.87,1.46
20190122,-1.53,-0.4,0.33,0.01,-1.51,-1.74,-1.8,-0.97,-1.23
20190123,0.15,-0.39,-0.15,0.01,0.28,0.1,0.5,-0.25,-0.06
20190124,0.23,0.43,-0.02,0.01,-0.22,0.58,0.6,-0.74,0.32
20190125,0.9,0.45,-0.34,0.01,0.66,0.74,1.3,0.19,1.03
20190128,-0.8,-0.17,0.64,0.01,-0.37,-0.72,-1.16,-1.47,-0.38
20190129,-0.19,-0.02,0.18,0.01,-0.46,0.73,-0.87,0.49,-0.15
20190130,1.51,-0.12,-0.95,0.01,1.36,1.32,2.23,1.36,0.99
20190131,0.92,0.14,-1.07,0.01,1.23,0.6,1.31,1.42,0.23
20190201,0.14,-0.15,0.4,0.01,-1.32,0.53,0.26,0.49,0.64
20190204,0.72,0.49,-0.47,0.01,0.7,0.57,1.33,-0.29,0.59
20190205,0.43,-0.08,-0.59,0.01,0.6,0.41,0.81,0.03,0.11
20190206,-0.22,-0.02,0.07,0.01,-0.36,-0.24,-0.2,0.11,-0.17
20190207,-0.93,-0.12,0.38,0.01,-0.44,-0.95,-1.2,-1.28,-0.72
20190208,0.09,0.05,-0.7,0.01,-0.3,0.08,0.59,0.58,-0.42
20190211,0.14,0.65,0.22,0.01,0.3,0.34,-0.12,0.12,0.28
20190212,1.36,0.02,-0.19,0.01,1.48,1.34,1.35,1.18,1.43
20190213,0.28,0.08,0.06,0.01,0.38,0.53,0.06,0.2,0.4
20190214,-0.21,0.53,-0.57,0.01,-0.62,-0.2,0.19,0.22,-0.58
20190215,1.13,0.24,0.47,0.01,0.75,1.33,0.84,1.38,1.5
20190219,0.19,0.28,0.29,0.01,0.43,0.3,0.13,-0.37,0.29
20190220,0.19,0.23,0.55,0.01,-0.18,0.65,0.05,0.06,0.44
20190221,-0.37,-0.06,-0.21,0.01,-0.21,-0.51,-0.14,-0.81,-0.43
20190222,0.65,0.56,-1.46,0.01,0.09,0.61,1.17,1.1,0.23
20190225,0.15,-0.24,-0.18,0.01,-0.31,0.03,0.32,0.41,0.12
20190226,-0.16,-0.63,-0.3,0.01,-0.07,-0.43,0.06,-0.3,-0.19
20190227,0.09,0.2,-0.11,0.01,0.08,0.26,0.06,0.26,-0.09
20190228,-0.31,0.02,-0.24,0.01,0.19,-0.53,-0.37,0.01,-0.42
20190301,0.72,0.29,-0.41,0.009,0.37,0.72,0.74,1.5,0.59
20190304,-0.52,-0.42,0.37,0.009,-0.36,0.02,-0.48,-0.75,-0.8
20190305,-0.17,-0.31,-0.23,0.009,-0.07,-0.39,-0.03,-0.16,-0.25
20190306,-0.84,-1.26,0.07,0.009,-0.59,-0.81,-0.54,-1.79,-0.85
20190307,-0.82,-0.06,-0.32,0.009,-1.13,-0.46,-0.78,-0.62,-0.94
20190308,-0.22,0.06,-0.17,0.009,-0.31,-0.57,-0.06,-0.41,-0.01
20190311,1.49,0.35,-0.54,0.009,1.55,1.04,2,1.19,1.27
20190312,0.25,-0.27,-0.09,0.009,0.04,0,0.53,0.63,0.08
20190313,0.68,-0.32,0.08,0.009,0.59,0.65,0.57,0.88,0.81
20190314,-0.1,-0.4,0.3,0.009,-0.37,-0.24,-0.03,-0.35,0.24
20190315,0.48,-0.27,-0.27,0.009,0.42,0.26,0.7,0.76,0.34
20190318,0.46,0.13,0.43,0.009,0.92,0.55,0.14,-0.34,0.87
20190319,-0.09,-0.38,-0.92,0.009,0.21,-0.41,0.22,0.61,-0.64
20190320,-0.39,0.02,-1.02,0.009,0,0.02,0.08,-0.39,-1.5
20190321,1.11,0.3,-1.24,0.009,1.27,0.98,1.92,0.3,0.42
20190322,-2.17,-1.51,-0.06,0.009,-1.49,-2.14,-2.17,-2.04,-2.61
20190325,-0.05,0.66,-0.27,0.009,0.32,0.17,-0.28,0.05,-0.18
20190326,0.76,0.17,0.45,0.009,0.63,0.91,0.57,1.07,0.88
20190327,-0.5,0.09,0.49,0.009,-0.27,-0.29,-0.67,-0.92,-0.3
20190328,0.4,0.35,0.02,0.009,0.59,0.29,0.1,0.42,0.76
20190329,0.66,-0.21,-0.92,0.009,0.55,0.51,0.8,1.09,0.49
20190401,1.19,-0.32,0.97,0.01,0.72,1.15,1.37,0.04,1.95
20190402,-0.05,-0.12,-0.44,0.01,-0.62,-0.32,0.33,0.16,-0.04
20190403,0.27,0.21,-0.39,0.01,0.23,-0.16,0.63,-0.16,0.34
20190404,0.19,0.2,0.93,0.01,0.59,0.65,-0.19,-0.42,0.45
20190405,0.52,0.52,-0.08,0.01,0.61,0.89,0.39,0.72,0.29
20190408,0.08,-0.3,0.1,0.01,0.29,-0.13,0.29,-0.17,0.02
20190409,-0.65,-0.57,-0.13,0.01,-0.69,-0.98,-0.27,-0.71,-0.82
20190410,0.48,0.96,-0.11,0.01,0.51,0.23,0.7,0.48,0.38
20190411,0,-0.32,0.39,0.01,0.1,0.43,0.02,-1.06,0.15
20190412,0.65,-0.52,0.64,0.01,0.4,0.86,0.84,-0.55,0.94
20190415,-0.09,-0.21,-0.54,0.01,0.4,-0.37,-0.02,-0.02,-0.28
20190416,0.13,0.12,0.69,0.01,0.22,0.32,0.2,-1.41,0.7
20190417,-0.32,-0.71,0.8,0.01,0.2,-0.17,0.09,-3.22,0.02
20190418,0.11,-0.24,-0.49,0.01,0.01,0.19,0.22,-0.28,0.2
20190422,0.11,-0.45,-0.54,0.01,-0.36,0.37,0.38,-0.06,-0.08
20190423,0.97,0.71,-0.51,0.01,1.07,0.31,1.13,1.81,0.83
20190424,-0.23,0.28,-0.09,0.01,0.09,-0.52,-0.29,-0.23,-0.09
20190425,-0.14,-0.75,-0.19,0.01,-0.65,-0.85,0.28,1.03,-0.33
20190426,0.53,0.46,0.02,0.01,0.72,0.28,0.07,0.81,1.07
20190429,0.18,0.1,0.64,0.01,-0.05,-0.14,0.32,-0.26,0.6
20190430,-0.04,-0.69,0.27,0.01,0.29,0.39,-0.69,0.47,0.13
20190501,-0.83,-0.11,-0.02,0.009,-1.08,-1.49,-0.44,-0.45,-0.79
20190502,-0.16,0.46,-0.29,0.009,0.09,-0.73,-0.41,0.53,0.14
20190503,1.13,0.93,-0.27,0.009,1.27,1.12,1.23,1.06,0.98
20190506,-0.39,0.6,-0.4,0.009,-0.32,-0.73,-0.54,0.42,-0.37
20190507,-1.69,-0.29,0.51,0.009,-1.36,-1.34,-1.91,-2.2,-1.64
20190508,-0.22,-0.15,-0.29,0.009,-0.08,-0.33,-0.22,-0.01,-0.24
20190509,-0.28,0.08,0.12,0.009,-0.28,-0.26,-0.45,-0.13,-0.11
20190510,0.35,-0.36,0.07,0.009,0.24,0.75,0.28,-0.22,0.44
20190513,-2.67,-0.72,0.3,0.009,-2.47,-1.69,-3.44,-1.95,-2.74
20190514,0.93,0.4,-0.06,0.009,0.7,0.62,1.22,0.67,0.98
20190515,0.59,0.05,-0.95,0.009,0.66,0.27,1.18,0.6,-0.02
20190516,0.91,-0.38,-0.3,0.009,0.82,0.74,1.02,0.91,0.98
20190517,-0.73,-0.8,0.3,0.009,-0.62,-0.8,-0.85,-0.51,-0.61
20190520,-0.65,-0.2,0.74,0.009,-0.33,-0.42,-1.46,-0.38,-0.08
20190521,0.9,0.41,-0.34,0.009,0.36,1.02,1.18,0.88,0.93
20190522,-0.4,-0.49,-0.6,0.009,-0.42,-0.68,-0.46,0.52,-0.52
20190523,-1.37,-0.69,-0.26,0.009,-0.97,-1.58,-1.56,-0.45,-1.54
20190524,0.23,0.5,0.3,0.009,0.04,0.14,0.06,0.22,0.62
20190528,-0.78,0.28,-0.62,0.009,-0.9,-1.1,-0.31,-1.25,-0.91
20190529,-0.71,-0.27,0.42,0.009,-0.92,-0.62,-0.82,-1.19,-0.21
20190530,0.14,-0.27,-0.77,0.009,0.34,-0.22,0.44,0.44,-0.18
20190531,-1.37,-0.21,-0.11,0.009,-1.28,-1.22,-1.68,-0.98,-1.29
20190603,-0.4,0.33,1.67,0.009,-0.18,0.75,-1.9,0.64,0.18
20190604,2.33,0.4,-0.05,0.009,1.91,1.75,2.78,1.81,2.7
20190605,0.7,-0.98,-0.96,0.009,0.62,0.58,0.91,0.57,0.62
20190606,0.55,-1.03,0.02,0.009,0.57,0.8,0.81,0.16,0.26
20190607,1.04,0.03,-1.22,0.009,1.26,0.48,1.67,1.17,0.47
20190610,0.53,-0.05,0.06,0.009,0.84,0.02,0.79,0.1,0.62
20190611,-0.12,-0.25,0.55,0.009,0.28,-0.28,-0.07,-0.3,-0.13
20190612,-0.2,0.41,-0.99,0.009,-0.05,-0.34,-0.38,0.79,-0.46
20190613,0.52,0.67,-0.03,0.009,0.68,0.81,0.63,-0.15,0.29
20190614,-0.27,-0.75,0.32,0.009,0.01,-0.34,-0.53,-0.47,0.04
20190617,0.15,0.63,-1.14,0.009,0.09,0,0.47,0.9,-0.53
20190618,1.04,0.15,0.32,0.009,0.3,1.17,1.4,1,1.09
20190619,0.32,0.12,-0.59,0.009,0.31,0.14,0.45,0.82,0.09
20190620,0.89,-0.36,-0.21,0.009,0.66,1.54,1.1,0.5,0.68
20190621,-0.21,-0.48,-0.01,0.009,-0.31,-0.01,-0.32,0.2,-0.27
20190624,-0.34,-0.89,0.08,0.009,-0.38,-0.26,-0.05,-0.6,-0.48
20190625,-0.98,0.35,0.71,0.009,-0.52,-0.59,-1.68,-0.3,-0.73
20190626,-0.06,-0.08,0.24,0.009,-0.12,-0.04,0.46,-1.25,-0.1
20190627,0.6,1.41,-0.11,0.009,0.5,-0.01,0.48,0.78,1.05
20190628,0.68,0.63,0.59,0.009,0.25,0.94,0.39,0.69,1.15
20190701,0.75,-0.54,-0.16,0.009,0.61,0.2,1.16,0.58,0.82
20190702,0.14,-0.8,-0.78,0.009,0.31,-0.45,0.52,0.19,-0.07
20190703,0.78,-0.06,-0.31,0.009,0.96,0.7,0.73,0.89,0.77
20190705,-0.1,0.16,0.89,0.009,-0.02,-0.19,0,-0.89,0.14
20190708,-0.58,-0.44,0.05,0.009,0.04,-0.35,-0.82,-1,-0.63
20190709,0.18,-0.16,-0.45,0.009,0.03,-0.29,0.42,0.5,0.23
20190710,0.4,-0.16,-0.39,0.009,0.52,0.36,0.86,0.29,-0.16
20190711,0.19,-0.8,0.05,0.009,0.18,0.24,0.11,-0.94,0.79
20190712,0.53,0.2,0.4,0.009,0.82,0.76,0.65,-1.2,0.82
20190715,-0.04,-0.38,-1.01,0.009,0.2,-0.33,0.21,0.44,-0.48
20190716,-0.32,0.34,0.13,0.009,-0.14,-0.21,-0.6,-0.58,-0.02
20190717,-0.64,-0.15,-0.65,0.009,-0.59,-0.81,-0.43,0.15,-1.11
20190718,0.35,-0.32,0,0.009,0.17,0.09,0.38,0.83,0.43
20190719,-0.56,0.15,0.87,0.009,-0.54,0.13,-0.77,-1,-0.54
20190722,0.25,-0.44,-0.49,0.009,-0.12,0.04,0.8,-0.06,0.1
20190723,0.65,-0.21,0.79,0.009,0.75,0.66,0.48,0.45,0.88
20190724,0.66,0.75,0.83,0.009,0.36,0.18,1.01,0.58,0.81
20190725,-0.63,-0.69,-0.19,0.009,-0.64,-0.73,-0.57,-0.79,-0.55
20190726,0.82,0.4,-0.2,0.009,0.45,0.03,1.36,0.6,1.01
20190729,-0.32,-0.32,-0.44,0.009,-0.37,-0.12,-0.33,0.16,-0.54
20190730,-0.17,1.32,0.84,0.009,-0.46,0.74,-0.53,-0.22,-0.03
20190731,-1.09,0.12,0.6,0.009,-1.31,-1.04,-1.31,-0.79,-0.81
20190801,-1.04,-0.48,-1.86,0.007,-0.96,-1.44,-0.59,0.05,-1.78
20190802,-0.87,-0.32,0.06,0.007,-0.41,-0.78,-1.53,-0.41,-0.53
20190805,-3.07,-0.03,0.01,0.007,-2.67,-2.67,-3.56,-2.44,-3.19
20190806,1.29,-0.43,-0.55,0.007,1.09,0.93,1.43,1.5,1.41
20190807,0.07,0.09,-0.9,0.007,0.66,0.1,0.23,-0.06,-0.49
20190808,1.97,0.09,-0.33,0.007,1.58,1.97,2.41,1.47,1.89
20190809,-0.78,-0.42,-0.25,0.007,-0.87,-0.86,-1.09,0.11,-0.65
20190812,-1.32,0.28,-0.28,0.007,-1.18,-1.11,-1.25,-0.97,-1.71
20190813,1.47,-0.15,-0.54,0.007,1.48,0.97,2.01,1.2,1.25
20190814,-2.95,0.21,-0.5,0.007,-2.66,-2.81,-3.03,-2.69,-3.2
20190815,0.16,-0.62,-0.53,0.007,0.64,0.33,-0.06,0.16,0.03
20190816,1.55,0.54,0.61,0.007,1.18,1.42,1.65,1.37,1.84
20190819,1.14,0,0.24,0.007,1.02,1.35,1.33,1.11,0.92
20190820,-0.75,0.3,-0.5,0.007,-0.53,-0.72,-0.58,-0.72,-1.08
20190821,0.85,0.07,-0.34,0.007,1.13,0.79,1.01,0.84,0.54
20190822,-0.1,-0.55,0.49,0.007,0.19,-0.02,-0.24,-0.37,-0.02
20190823,-2.66,-0.56,-0.18,0.007,-2.41,-2.53,-3,-2.44,-2.53
20190826,1.08,-0.02,-0.19,0.007,1.03,0.82,1.31,1.2,0.96
20190827,-0.46,-0.88,-0.68,0.007,-0.65,-0.29,-0.21,-0.31,-0.8
20190828,0.68,0.48,0.62,0.007,0.97,0.96,0.24,0.68,0.88
20190829,1.35,0.32,0.33,0.007,1.13,1.31,1.63,0.59,1.5
20190830,0.03,-0.38,0.25,0.007,-0.2,0.15,-0.04,-0.11,0.32
20190903,-0.87,-0.96,0.1,0.009,-0.23,-0.41,-1.27,-0.69,-1.12
20190904,1.08,-0.23,0.42,0.009,0.91,1.13,1.53,0.16,1.05
20190905,1.42,0.4,0.69,0.009,1.14,0.84,1.87,0.91,1.66
20190906,-0.02,-0.37,0.05,0.009,0.28,0.15,-0.22,0.23,-0.11
20190909,0.08,0.72,3.07,0.009,0.4,0.49,-0.48,-1.31,1.02
20190910,0.17,1.02,1.2,0.009,-0.15,0.67,-0.01,0.53,0.2
20190911,0.88,1.33,-0.04,0.009,0.49,0.95,1.19,1.18,0.62
20190912,0.22,-0.3,-0.17,0.009,0.27,-0.02,0.3,0.03,0.37
20190913,-0.01,0,0.75,0.009,-0.29,0.32,-0.46,-0.28,0.66
20190916,-0.23,0.93,0.5,0.009,-1,0.6,-0.2,-0.18,-0.32
20190917,0.17,-0.6,-1.22,0.009,0.39,-0.2,0.3,0.35,0.04
20190918,-0.05,-0.74,0.06,0.009,-0.19,0,0.02,-0.07,-0.03
20190919,-0.05,-0.43,-0.45,0.009,-0.15,-0.2,0.17,0.2,-0.25
20190920,-0.48,0.3,0.16,0.009,-0.8,-0.21,-0.68,0.76,-0.66
20190923,-0.02,-0.18,0.51,0.009,0.19,0.15,-0.05,-0.46,-0.02
20190924,-1.01,-0.75,0.02,0.009,-0.82,-0.56,-1.29,-0.99,-1.05
20190925,0.69,0.36,0.53,0.009,0.76,0.56,1.11,-0.41,0.69
20190926,-0.41,-0.97,0.12,0.009,-0.25,-0.19,-0.31,-0.75,-0.57
20190927,-0.62,-0.36,0.88,0.009,-0.29,-0.25,-1.22,-0.63,-0.21
20190930,0.5,-0.15,-0.48,0.009,0.7,0.04,0.9,0.74,0.1
20191001,-1.31,-0.47,-0.61,0.007,-0.68,-1.66,-1.12,-1.21,-1.76
20191002,-1.73,0.87,-0.35,0.007,-1.79,-1.93,-1.7,-1.33,-1.76
20191003,0.8,-0.2,-0.91,0.007,0.55,0.66,1.22,1.27,0.34
20191004,1.39,-0.49,-0.09,0.007,1.06,1.12,1.59,1.33,1.57
20191007,-0.41,0.16,-0.02,0.007,-0.47,-0.66,-0.25,-0.43,-0.38
20191008,-1.61,-0.14,-0.12,0.007,-0.96,-1.56,-1.81,-1.73,-1.79
20191009,0.92,-0.53,-0.12,0.007,0.85,0.82,1.18,0.43,0.93
20191010,0.59,-0.4,0.27,0.007,0.48,0.55,0.55,0.43,0.89
20191011,1.23,0.49,0.19,0.007,0.92,1.21,1.42,1.04,1.36
20191014,-0.18,-0.33,-0.06,0.007,-0.23,-0.44,-0.16,-0.04,-0.04
20191015,1.03,0.26,-0.23,0.007,0.77,0.17,1.24,1.35,1.42
20191016,-0.24,0.39,0.23,0.007,0.29,-0.32,-0.61,-0.01,-0.12
20191017,0.37,0.81,-0.28,0.007,0.64,0.27,0.09,0.61,0.53
20191018,-0.49,-0.38,0.9,0.007,-0.3,-0.37,-0.85,-0.6,-0.11
20191021,0.71,0.18,0.33,0.007,0.32,0.63,0.82,0.19,1.09
20191022,-0.34,0.21,0.88,0.007,-0.35,0.73,-0.96,-0.17,-0.28
20191023,0.25,-0.09,0.25,0.007,-0.22,0.38,0.34,0.47,0.3
20191024,0.26,-0.26,-0.91,0.007,0.26,0.28,0.6,-0.42,0.08
20191025,0.5,0.28,0.08,0.007,-0.08,0.28,0.94,0.4,0.59
20191028,0.62,0.27,-0.25,0.007,0.31,-0.2,1.11,1.1,0.59
20191029,-0.13,0.28,0.46,0.007,-0.39,0.37,-0.83,1.03,0.21
20191030,0.27,-0.39,-1.17,0.007,0.35,-0.26,0.47,0.68,0.18
20191031,-0.38,-0.27,-0.31,0.007,-0.33,-0.63,-0.09,-0.03,-0.73
20191101,1.08,0.45,0.79,0.006,0.65,1.38,1.11,0.48,1.42
20191104,0.4,0.05,1.39,0.006,0.17,0.65,0.43,-0.41,0.74
20191105,-0.03,0.24,0.49,0.006,0.2,0.14,-0.03,-0.68,0.02
20191106,-0.05,-0.7,0.18,0.006,0.23,-0.5,-0.18,0.18,0.17
20191107,0.38,-0.12,0.53,0.006,-0.05,0.36,0.53,0.07,0.6
20191108,0.31,0.1,-0.38,0.006,-0.01,-0.12,0.59,1.04,0.18
20191111,-0.19,-0.01,-0.21,0.006,-0.23,-0.23,-0.07,-0.34,-0.2
20191112,0.16,-0.11,-0.14,0.006,0.18,-0.1,0.31,0.41,0.03
20191113,0.01,-0.22,-0.82,0.006,0.02,0.07,0.32,0.02,-0.47
20191114,0.07,-0.12,-0.26,0.006,0.17,0.12,-0.03,-0.12,0.2
20191115,0.74,-0.21,-0.35,0.006,0.17,0.64,0.83,1.6,0.71
20191118,0.02,-0.36,-0.51,0.006,0.29,-0.38,0.14,-0.33,0.14
20191119,0.02,0.59,-0.96,0.006,-0.59,-0.6,0.13,0.85,0.3
20191120,-0.33,0.02,-0.45,0.006,-0.24,0.02,-0.55,0.06,-0.47
20191121,-0.14,-0.32,0.12,0.006,-0.38,-0.03,-0.23,0.15,-0.06
20191122,0.24,0.05,0.24,0.006,0.22,0.09,0.1,0.45,0.5
20191125,0.92,1.31,-0.4,0.006,0.76,0.49,1.03,1.34,0.99
20191126,0.19,0.05,-0.89,0.006,0.61,0.09,0.15,0.14,0.06
20191127,0.44,0.23,-0.05,0.006,0.55,0.11,0.55,0.68,0.39
20191129,-0.42,-0.04,-0.33,0.006,-0.51,-0.57,-0.41,-0.29,-0.32
20191202,-0.87,-0.25,0.52,0.007,-0.44,-0.69,-1.26,-0.58,-0.86
20191203,-0.66,0.6,-0.83,0.007,-0.72,-0.72,-0.54,0.07,-1.07
20191204,0.6,0.11,0.25,0.007,0.35,0.83,0.48,1.04,0.67
20191205,0.13,-0.24,0.48,0.007,-0.2,0.09,0.28,-0.29,0.39
20191206,0.91,0.24,0.4,0.007,0.75,1.09,0.98,0.66,1
20191209,-0.33,0.36,0.12,0.007,0.03,-0.25,-0.46,-0.58,-0.34
20191210,-0.08,0.29,-0.11,0.007,-0.26,-0.13,-0.07,0.25,-0.05
20191211,0.28,-0.08,0.1,0.007,0.22,0.36,0.48,0.05,0.15
20191212,0.9,-0.11,1.16,0.007,0.59,0.88,0.68,0.82,1.45
20191213,-0.03,-0.3,-0.54,0.007,-0.17,-0.33,0.26,0.06,-0.17
20191216,0.74,0.07,-0.04,0.007,0.54,0.6,0.95,0.88,0.64
20191217,0.1,0.42,0.68,0.007,0.26,0.18,-0.18,0.19,0.26
20191218,-0.05,0.18,0.1,0.007,0.02,0.05,0.04,-0.02,-0.25
20191219,0.43,-0.01,-0.43,0.007,0.46,0.22,0.7,0.33,0.26
20191220,0.48,-0.3,-0.28,0.007,0.38,0.6,0.52,0.73,0.29
20191223,0.1,0.2,-0.31,0.007,-0.21,0.3,0.22,0.49,-0.14
20191224,0.01,0.37,-0.02,0.007,0.13,-0.13,-0.04,0.06,0.09
20191226,0.48,-0.53,-0.02,0.007,0.89,0.12,0.73,-0.26,0.45
20191227,-0.1,-0.53,-0.07,0.007,0.07,-0.08,-0.07,-0.19,-0.16
20191230,-0.57,0.17,0.59,0.007,-0.57,-0.4,-0.68,-0.72,-0.44
20191231,0.28,-0.01,0.11,0.007,0.13,0.41,0.32,0.37,0.22
20200102,0.86,-0.85,-0.36,0.006,0.49,0.19,1.63,0.16,0.89
20200103,-0.67,0.37,0.02,0.006,-0.52,-0.31,-0.77,-0.81,-0.84
20200106,0.36,-0.06,-0.56,0.006,0.41,0.13,0.6,0.53,0.07
20200107,-0.19,-0.01,-0.21,0.006,-0.31,-0.19,0.05,-0.32,-0.42
20200108,0.47,-0.05,-0.63,0.006,0.2,-0.4,0.8,0.56,0.76
20200109,0.65,-0.63,-0.48,0.006,0.44,0.54,0.93,0.62,0.52
20200110,-0.34,-0.16,-0.34,0.006,-0.43,-0.51,-0.18,0.04,-0.5
20200113,0.73,-0.09,-0.12,0.006,0.63,0.68,1.1,-0.09,0.64
20200114,-0.06,0.38,-0.14,0.006,0.03,0.12,-0.45,0.8,-0.07
20200115,0.16,0.46,-0.83,0.006,-0.03,0.31,0.12,0.58,0.09
20200116,0.88,0.5,-0.11,0.006,0.7,0.64,1.15,0.48,0.97
20200117,0.28,-0.63,-0.1,0.006,-0.01,0.05,0.6,-0.08,0.36
20200121,-0.32,-0.51,-0.6,0.006,0.28,-0.77,-0.18,-0.12,-0.7
20200122,0.08,-0.28,0,0.006,0.13,-0.39,0.29,0.13,0.08
20200123,0.08,-0.05,-0.14,0.006,0.01,0.24,0.13,-0.55,0.24
20200124,-0.97,-0.42,-0.32,0.006,-1.09,-0.61,-0.67,-1.64,-1.2
20200127,-1.56,0.37,-0.42,0.006,-0.95,-1.54,-2.06,-0.29,-1.81
20200128,1.02,-0.13,-0.43,0.006,0.67,0.51,1.6,0.41,1.09
20200129,-0.1,-0.26,-0.96,0.006,-0.15,-0.33,-0.04,-0.02,-0.04
20200130,0.34,-0.69,0.63,0.006,0.6,0.36,0.16,-0.43,0.72
20200131,-1.74,-0.43,-0.34,0.006,-0.1,-1.89,-2.16,-1.71,-2.12
20200203,0.84,0.63,-0.71,0.006,0.72,0.25,1.16,1.21,0.73
20200204,1.57,-0.01,-0.67,0.006,1.55,0.84,2.05,1.71,1.37
20200205,0.97,0.29,1.48,0.006,0.18,1.91,0.41,1.33,1.66
20200206,0.27,-0.45,-0.86,0.006,0,-0.15,0.94,0.17,-0.11
20200207,-0.55,-0.78,0,0.006,-0.01,-0.86,-0.66,-0.73,-0.51
20200210,0.73,-0.01,-0.9,0.006,0.98,0.2,1.12,0.65,0.39
20200211,0.28,0.05,1.07,0.006,0.5,0.46,-0.08,0.38,0.49
20200212,0.66,0.17,-0.36,0.006,0.51,0.71,1,-0.36,0.69
20200213,-0.09,0.17,-0.02,0.006,0.15,0.08,-0.22,-0.49,-0.02
20200214,0.15,-0.39,-0.68,0.006,-0.13,0,0.37,0.31,0.02
20200218,-0.19,0.16,-0.68,0.006,0.34,-0.44,-0.16,-0.45,-0.4
20200219,0.6,0.23,-0.04,0.006,0.37,0.23,0.86,0.48,0.68
20200220,-0.35,0.46,0.67,0.006,0.05,0.05,-0.79,-0.4,-0.14
20200221,-1.12,-0.08,0.02,0.006,-0.82,-0.54,-1.89,-0.03,-1.03
20200224,-3.39,0.17,-0.01,0.006,-3.05,-3.06,-3.79,-2.42,-3.63
20200225,-3.09,-0.09,-0.72,0.006,-2.35,-3.38,-2.85,-2.5,-3.91
20200226,-0.52,-0.41,-1.21,0.006,-0.61,-1.28,0.07,-0.05,-1.01
20200227,-4.22,0.75,0.12,0.006,-4.3,-4.44,-4.71,-3.1,-3.91
20200228,-0.78,0.28,-0.78,0.006,-1.52,-1.15,0.45,-1.35,-1.51
20200302,4.31,-1.76,-0.4,0.006,4.39,4.04,4.58,4.21,4.15
20200303,-2.79,0.78,-0.62,0.006,-1.91,-2.03,-3.29,-2.58,-3.26
20200304,4.03,-1.05,-1.1,0.006,3.71,3.96,4.01,4.83,3.97
20200305,-3.38,0.19,-1.37,0.006,-2.82,-3.49,-3.37,-2.02,-4.33
20200306,-1.78,0.04,-1.42,0.006,-1.23,-1.96,-1.89,-0.69,-2.3
20200309,-7.79,-0.45,-4.7,0.006,-5.67,-10.04,-7.22,-5.67,-9.63
20200310,4.74,-2.47,0.78,0.006,4.16,3.69,5.52,3.23,5.55
20200311,-5.05,-0.84,-0.79,0.006,-4.52,-6.01,-4.77,-4.5,-5.42
20200312,-9.63,-0.52,-1.21,0.006,-9.51,-10.56,-9.47,-7.51,-10.36
20200313,8.96,-2.71,2.99,0.006,6.86,7.68,10.47,6.55,10.49
20200316,-12,-0.33,-0.77,0.006,-10.45,-11.59,-12.61,-9.74,-13.38
20200317,5.87,0.72,-0.85,0.006,6.05,6.78,6.07,5.82,4.73
20200318,-5.56,-3.59,-4.71,0.006,-4.21,-7.3,-4.35,-2.67,-8.76
20200319,1.31,5.54,0.99,0.006,1.7,0.01,1.51,-0.71,2.63
20200320,-4.15,0.39,-0.9,0.006,-4.24,-5.23,-4.08,-4.06,-3.82
20200323,-2.55,2.2,-3.5,0.006,-0.6,-5.02,-0.9,-3.82,-4.75
20200324,9.34,-1.18,2.35,0.006,6.94,11.63,8.74,6.98,12.24
20200325,1.18,-0.68,1.86,0.006,0.09,3.59,-0.58,0.77,3.63
20200326,6.02,-0.67,1.2,0.006,4.49,7.14,6.22,6.4,6.02
20200327,-3.48,-0.78,-0.69,0.006,-2.5,-3.04,-4.25,-2.14,-3.99
20200330,3.16,-0.35,-2.16,0.006,3,2.59,3.77,4.65,2.08
20200331,-1.44,1.81,-0.42,0.006,-1.39,-1.82,-1.25,-0.37,-2.04
20200401,-4.51,-1.54,-1.41,0,-3.19,-4.8,-4.42,-4.06,-5.62
20200402,2.1,-0.99,-0.28,0,1.03,3.28,1.98,3.35,1.8
20200403,-1.64,-1.1,-1.13,0,-0.58,-1.83,-1.82,-0.65,-2.66
20200406,7.06,0.73,0.27,0,6.14,6.92,7.9,5.07,7.94
20200407,-0.11,-0.53,2.16,0,0.59,-0.02,-0.43,-1.22,0.56
20200408,3.4,0.35,1.25,0,2.2,4.84,2.59,3.78,4.53
20200409,1.59,1.93,3.19,0,1.59,1.96,0.54,1.02,3.27
20200413,-0.92,-0.72,-2.42,0,0.54,-2.2,0.12,-0.93,-2.85
20200414,3.02,-0.12,-3.17,0,4.04,2.02,3.88,3.43,1.31
20200415,-2.15,-1.18,-2.5,0,-1.62,-3.33,-1.59,-1.1,-3.48
20200416,0.62,-0.22,-2.99,0,1.66,-0.86,1.1,1.66,-0.77
20200417,2.72,0.72,2.71,0,1.57,5.18,1.41,3.2,4.14
20200420,-1.56,0.79,-0.93,0,-1.29,-3.05,-1.36,-0.04,-2.15
20200421,-3.08,0.96,0.11,0,-2.72,-2.05,-3.9,-3.12,-2.79
20200422,2.31,-0.7,-1.65,0,1.82,2.28,3.39,1.4,1.29
20200423,0.13,1.16,0.54,0,-0.25,0.4,-0.24,0.6,0.5
20200424,1.44,0.32,-0.12,0,1.56,0.6,1.78,1.59,1.21
20200427,1.73,1.62,2.68,0,1.39,1.78,1.04,1.19,3.35
20200428,-0.45,0.88,2.82,0,-0.07,1.26,-1.44,-2.3,0.79
20200429,2.92,1.85,2,0,1.29,2.71,4.16,0.95,3.55
20200430,-1.18,-1.39,-1.64,0,-0.56,-2.21,-0.31,-0.95,-2.44
20200501,-2.91,-0.56,-1,0,-3.54,-3.41,-2.55,-1.88,-3.07
20200504,0.53,0.17,-1.37,0,0.73,0.44,1.01,0.55,-0.48
20200505,0.95,0.09,-1.98,0,0.44,0.55,1.29,2.25,0.32
20200506,-0.52,0.59,-2.78,0,0.07,-2.08,0.49,-0.62,-1.66
20200507,1.33,-0.04,0.39,0,0.62,1.1,1.72,0.22,1.86
20200508,1.9,1.41,2.48,0,2.02,3.24,1.48,0.76,2.33
20200511,0.07,0.49,-3.75,0,0.15,-1.09,0.64,2.38,-1.6
20200512,-2.06,-0.86,-1.35,0,-1.75,-2.01,-2.05,-1.83,-2.69
20200513,-1.89,-0.94,-2.12,0,-1.26,-2.5,-1.75,-1.05,-2.77
20200514,1.14,-1.49,0.93,0,0.75,0.97,1.02,0.48,2.26
20200515,0.57,1.62,-1.19,0,0.93,-0.03,0.7,0.94,0
20200518,3.24,1.5,4.58,0,2.43,5.67,2.34,1.31,5.24
20200519,-1.01,-0.56,-1.46,0,-0.64,-1.82,-0.37,-1.47,-1.72
20200520,1.8,1.07,1.29,0,1.3,1.85,2.19,0.63,2.16
20200521,-0.7,0.65,0.41,0,-0.38,-0.53,-0.95,-0.89,-0.55
20200522,0.27,0.47,-0.87,0,-0.1,0.16,0.69,0.25,-0.06
20200526,1.23,0.04,4.59,0,0.93,2.64,0.04,-0.8,3.95
20200527,1.54,0.61,3.62,0,1.36,2.17,0.71,0.51,3.28
20200528,-0.41,-1.47,-2.41,0,-0.4,-0.21,-0.35,1.04,-1.44
20200529,0.6,-0.28,-1.97,0,0.65,-0.14,1.26,1.41,-0.66
20200601,0.52,-0.02,0.45,0,0.86,0.87,0.39,-1.07,0.84
20200602,0.81,-0.05,0.45,0,0.54,1.35,0.74,0.53,0.98
20200603,1.42,0.11,2.66,0,0.98,2.71,0.74,-0.3,2.93
20200604,-0.34,-0.24,2.98,0,-0.38,-0.19,-0.84,-1.02,0.92
20200605,2.5,0.73,2.67,0,1.85,3.71,2.12,1.36,3.59
20200608,1.39,0.37,2.15,0,1.5,2.46,0.81,0.79,1.55
20200609,-0.85,-0.3,-1.94,0,-0.32,-2.33,0.12,-0.99,-1.8
20200610,-0.56,-0.82,-4.16,0,-0.25,-2.18,0.99,0.07,-2.69
20200611,-5.91,-0.83,-3.06,0,-4.5,-6.79,-5.46,-5.38,-7.52
20200612,1.29,0.36,1.86,0,0.24,1.55,1.2,0.85,2.36
20200615,1.09,1.42,-0.41,0,1.13,0.87,1.15,0.71,1.06
20200616,1.86,0.63,0.48,0,1.9,1.88,1.86,2.36,1.68
20200617,-0.4,-0.91,-1.98,0,-0.01,-1.13,-0.07,-0.13,-0.97
20200618,0.19,0.1,-0.56,0,0.02,0.15,0.4,-0.06,-0.1
20200619,-0.45,0.09,-0.64,0,-0.27,-1.43,-0.44,1.26,-0.81
20200622,0.71,0.83,-1.44,0,0.64,0.37,1.39,-0.11,0.1
20200623,0.42,0.14,-0.56,0,0.48,-0.23,0.61,0.22,0.56
20200624,-2.61,-0.5,-1.3,0,-1.96,-3.01,-2.28,-2.62,-3.58
20200625,1.12,0.26,0.49,0,0.49,0.8,1.05,1.09,2.02
20200626,-2.44,0.18,-1.42,0,-1.97,-2.2,-2.42,-1.33,-3.48
20200629,1.51,1.22,1.77,0,1.57,2.52,1.32,0.61,1.75
20200630,1.58,0.07,0,0,1.54,1.09,1.72,1.78,1.54
20200701,0.41,-1.24,-2.51,0,1.18,-0.45,0.7,0.73,-0.38
20200702,0.5,-0.01,-0.09,0,0.61,0.98,0.39,0.7,0.17
20200706,1.65,-0.61,0.37,0,2.69,0.58,1.81,0.72,1.64
20200707,-1.03,-0.51,-1.53,0,-0.54,-1.47,-0.77,-0.31,-2
20200708,0.91,0.31,-0.46,0,0.5,0.14,1.54,0.26,0.95
20200709,-0.53,-0.9,-2.59,0,0.37,-2.09,0.38,-0.53,-2.05
20200710,1.11,-0.13,3.03,0,1.77,1.92,0.26,-0.34,2.43
20200713,-1.2,-0.78,1.99,0,-1.38,-0.11,-2.28,-0.21,-0.19
20200714,1.35,0.36,-0.34,0,1.11,2.14,1.12,1.9,1.24
20200715,1.14,2.4,1.28,0,0.42,1.33,0.61,1.91,2.26
20200716,-0.37,-0.37,0.79,0,-0.11,0.13,-0.78,-0.47,-0.19
20200717,0.3,0.18,-1.41,0,-0.18,0.32,0.48,1.79,-0.43
20200720,1.01,-0.43,-2.38,0,2.1,-1.09,2.25,0.23,-0.39
20200721,0.16,0.83,3.23,0,0.08,1.89,-0.75,-0.62,1.19
20200722,0.49,-0.58,-0.34,0,0.52,0.66,0.52,0.62,0.26
20200723,-1.2,0.72,1.92,0,-1.28,-0.02,-2.3,-0.78,-0.23
20200724,-0.75,-0.79,0.46,0,-0.22,-0.66,-0.89,-1.36,-0.63
20200727,0.88,0.78,-1.94,0,1.21,0.16,1.46,1.11,-0.11
20200728,-0.81,-0.7,0.97,0,-1.02,-0.48,-1.15,-0.32,-0.52
20200729,1.35,0.52,0.87,0,1.02,1.12,1.61,0.52,1.88
20200730,-0.29,0.5,-1.83,0,-0.27,-1.14,0.53,-0.35,-1.22
20200731,0.61,-1.54,-0.65,0,0.49,-0.37,1.94,-0.8,-0.26
20200803,0.98,1.2,-0.79,0,-0.01,0.18,1.82,1.49,0.52
20200804,0.37,0.45,0.05,0,0.92,1.08,0.16,-0.38,0.19
20200805,0.78,1.01,0.85,0,0.72,0.98,0.41,0.28,1.7
20200806,0.53,-0.42,-0.79,0,0.22,-0.24,1.36,-0.63,0.38
20200807,0.02,0.85,2.34,0,-0.11,1.06,-1.09,0.3,1.48
20200810,0.24,0.81,1.66,0,0.29,1.72,-0.44,-0.52,0.9
20200811,-0.83,-0.34,1.57,0,-0.79,-0.45,-1.65,-1.04,0.5
20200812,1.4,-0.48,-1.3,0,1.99,0.96,1.93,1.45,0.17
20200813,-0.01,0.21,-1.3,0,0.11,-0.63,0.34,0.06,-0.43
20200814,-0.04,-0.09,1.03,0,0.13,0.15,-0.21,-0.44,0.23
20200817,0.45,0.58,-1.94,0,1.52,-0.33,0.59,1.29,-0.66
20200818,0.22,-1.06,-1.39,0,1.06,-0.54,0.57,-0.06,-0.53
20200819,-0.38,0.47,0.08,0,-0.79,-0.42,-0.29,-0.48,-0.05
20200820,0.31,-0.49,-1.52,0,0.29,-0.94,1.22,-0.06,-0.35
20200821,0.25,-1.06,-0.42,0,0.24,-0.05,0.67,-0.26,-0.08
20200824,0.92,-0.33,2.56,0,0.8,1.76,0.74,-0.48,1.64
20200825,0.36,0.14,-0.61,0,0.29,-0.59,0.61,0.88,0.29
20200826,1,-1.11,-1.74,0,1.42,-0.62,2.24,-0.11,0.01
20200827,0.18,-0.36,0.98,0,0.21,0.1,-0.37,0.69,1.08
20200828,0.7,0.3,-0.22,0,0.54,0.9,0.74,0.14,0.91
20200831,-0.04,-0.44,-1.75,0,0.74,-1.04,0.33,0.58,-1.15
20200901,0.92,0.49,-0.33,0,0.66,0.44,1.94,-1.21,0.6
20200902,1.27,-0.52,-0.43,0,0.94,1.73,1.12,1.8,1.35
20200903,-3.7,-0.25,2.57,0,-3.49,-2.18,-5.24,-2.96,-2.17
20200904,-0.87,-0.2,2.09,0,-0.85,-0.18,-1.64,-0.65,0.03
20200908,-2.91,0.65,-0.18,0,-3.49,-2.1,-3.78,-1.6,-2.01
20200909,2.07,-0.16,-1.96,0,2.45,1.4,2.69,1.97,1.08
20200910,-1.64,0.32,-0.05,0,-1.46,-1.68,-1.9,-1.59,-1.38
20200911,-0.06,-0.84,0.91,0,-0.21,0.82,-0.6,0.33,0.33
20200914,1.59,1.14,-0.78,0,1.39,1.26,1.51,2.36,1.71
20200915,0.57,-0.28,-1.42,0,1.12,-0.09,1.16,0.46,-0.51
20200916,-0.39,0.71,1.34,0,-0.9,0.85,-1.35,0.12,0.77
20200917,-0.85,0.37,0.19,0,-1.3,-0.04,-1.15,-0.19,-0.74
20200918,-0.88,0.75,-0.18,0,-0.82,-1.21,-1.31,0.08,-0.55
20200921,-1.08,-1.91,-1.91,0,-0.65,-2.35,0.26,-1.92,-2.67
20200922,1.02,-0.12,-1.65,0,1.55,0.64,1.72,0.21,-0.12
20200923,-2.48,-0.69,0.17,0,-2.87,-1.97,-2.88,-1.37,-2.27
20200924,0.25,-0.21,0.32,0,0.39,0.38,0.46,-0.79,0.22
20200925,1.72,0.13,-1.35,0,1.46,0.97,2.2,1.75,1.44
20200928,1.66,0.71,1.02,0,2,1.41,1.64,0.7,2.06
20200929,-0.42,0.75,-1.3,0,-0.69,-0.71,-0.11,-0.03,-0.83
20200930,0.79,-0.69,0.18,0,0.97,0.39,0.6,1.28,0.97
20201001,0.79,1.06,-0.57,0,1.57,-0.24,1.1,-0.32,0.73
20201002,-0.96,1.08,2.44,0,-1.25,0.76,-2.06,-1.21,0.46
20201005,1.93,0.99,-0.1,0,1.59,1.89,2.11,2.4,1.67
20201006,-1.28,0.76,0.24,0,-1.75,-0.56,-1.4,-1.26,-1.12
20201007,1.84,0.46,0.24,0,2.11,1.56,1.66,1.99,1.99
20201008,0.8,0.01,1,0,0.54,1.52,0.63,0.58,1.07
20201009,0.93,0.01,-1.42,0,1.19,0.11,1.36,0.78,0.44
20201012,1.53,-0.82,-0.14,0,1.86,0.49,2.51,0.56,0.72
20201013,-0.41,0.19,-1.69,0,0.26,-0.79,-0.19,-0.52,-1.27
20201014,-0.65,0.1,0.06,0,-0.82,0.08,-0.73,-0.6,-0.83
20201015,-0.08,0.88,1.12,0,0.01,0.43,-0.38,-0.89,0.53
20201016,-0.06,-0.21,0.06,0,-0.7,0.15,-0.13,0.77,0.08
20201019,-1.53,0.36,0.28,0,-1.51,-1.24,-1.67,-1.6,-1.48
20201020,0.34,-0.25,1.28,0,0.1,0.47,0.38,-0.2,0.74
20201021,-0.36,-0.43,0.3,0,-0.45,-0.56,0.12,-0.98,-0.66
20201022,0.67,0.59,1.07,0,0.14,1.21,0.13,1.51,1.35
20201023,0.38,0.43,0.05,0,0.48,0.28,0.35,0.31,0.47
20201026,-1.85,-0.28,-0.39,0,-1.3,-1.88,-2.11,-1.06,-2.37
20201027,-0.23,-0.04,-2.36,0,0.38,-1.13,0.53,-0.59,-1.64
20201028,-3.41,0.06,0.57,0,-3.12,-3.13,-3.91,-3.01,-3.12
20201029,1.13,0.17,0.22,0,0.59,1.23,1.81,-0.15,0.94
20201030,-1.45,-0.79,1.85,0,-2.46,-0.48,-2.03,-0.76,-0.28
20201102,1.17,0.45,0.98,0,1.05,2.59,0.24,1.32,2.08
20201103,1.93,0.94,-0.21,0,2.19,1.7,1.75,1.33,2.41
20201104,2.25,-1.43,-4.89,0,1.76,-0.93,3.98,3.78,0.62
20201105,2.13,1,0.49,0,1.95,2,2.67,0.29,2.29
20201106,0.01,-0.83,-0.95,0,-0.01,-0.19,0.47,-0.22,-0.7
20201109,0.87,0.7,6.7,0,-1.43,3.41,-1.41,1.27,5.66
20201110,-0.17,1.47,2.17,0,0.03,1.83,-1.64,0.58,0.93
20201111,0.88,-0.55,-1.75,0,1.29,-0.31,2.07,-0.02,-0.53
20201112,-0.94,-0.23,-1.18,0,-0.91,-1.7,-0.6,-0.56,-1.32
20201113,1.31,0.58,1.13,0,1.07,2.08,0.91,1.4,1.74
20201116,1.22,0.74,1.91,0,1.19,2.35,0.83,-0.08,1.96
20201117,-0.19,0.61,0.02,0,-0.07,-0.2,-0.3,-0.22,-0.26
20201118,-0.93,-0.01,0,0,-0.1,-1.31,-1.07,-1.51,-0.91
20201119,0.59,0.49,-0.72,0,0.76,0.29,0.96,0.39,0.04
20201120,-0.51,0.7,-0.61,0,-0.57,-0.37,-0.55,0.16,-0.91
20201123,0.83,0.85,1.55,0,1.13,2.11,0,-0.14,1.6
20201124,1.56,-0.15,2.73,0,1.48,2.14,1.27,0.15,2.55
20201125,0.03,0.01,-1.27,0,0.48,-0.83,0.33,-0.15,-0.46
20201127,0.43,0.45,-1.64,0,0.31,-0.32,0.75,1.45,-0.15
20201130,-0.53,-0.98,-2.05,0,-0.64,-1.86,0.32,0.41,-1.59
20201201,0.98,-0.23,0.54,0,1.12,0.58,1.17,0.52,1.18
20201202,0.11,-0.09,1.05,0,-0.86,0.46,0.11,0.35,0.79
20201203,0.18,0.46,-0.05,0,0.49,0.08,0.02,-0.02,0.14
20201204,1.02,1.4,0.85,0,0.44,1.59,0.74,1.27,1.4
20201207,0.03,0.22,-1.01,0,0.22,-0.53,0.33,-0.38,-0.39
20201208,0.47,0.97,-0.75,0,0.49,0.66,0.37,1.23,0.09
20201209,-1.03,-0.06,1.34,0,-1.01,-0.19,-1.76,-0.37,-0.41
20201210,0.24,1.09,-0.47,0,0.12,0.12,0.39,0.5,-0.13
20201211,-0.2,-0.36,-0.72,0,-0.37,-0.19,0.26,-0.34,-0.67
20201214,-0.28,0.6,-1.54,0,0.52,-1.25,0.02,-0.22,-0.77
20201215,1.28,1.05,0.4,0,0.68,1.73,1.46,1.04,1.51
20201216,0.17,-0.42,-0.37,0,0.47,-0.58,0.47,-0.35,0
20201217,0.79,0.71,-0.67,0,0.96,0.38,0.6,1.32,0.74
20201218,-0.12,0.11,-1.15,0,0.14,-0.46,-0.09,0.2,-0.52
20201221,-0.23,0.13,-0.03,0,-0.84,-0.66,-0.03,-0.53,0.12
20201222,0.06,1.23,-1.62,0,-0.35,-0.56,0.78,0.01,-0.63
20201223,0.1,0.34,2,0,0.13,0.5,-0.49,0.12,0.96
20201224,0.21,-0.39,-0.17,0,0.21,0.24,0.37,-0.05,0.24
20201228,0.46,-0.72,0.32,0,1.09,-0.14,0.8,-0.49,0.54
20201229,-0.4,-1.52,0.24,0,-0.06,-0.51,-0.57,-0.02,-0.31
20201230,0.27,0.99,0.04,0,0.24,0.93,-0.16,0.28,0.62
20201231,0.39,-0.87,0.45,0,0.13,0.38,0.33,0.52,0.86